nmun,idmun,ides,tmax,tmin
Abalá,1,31,34.19,19.19
Abasolo,1,19,25.5625,16.8375
Abejones,1,20,25.85,10.09
Acacoyagua,1,7,29.99,18.5
Acajete,1,21,21.315,10.995000000000001
Acala,2,7,26.68,16.66
Acambay de Ruíz Castañeda,1,15,21.21,8.8
Acanceh,2,31,34.42,19.73
Acapetahua,3,7,32.65,23.17
Acaponeta,1,18,29.37,15.76
Acapulco de Juárez,1,12,31.42,21.99
Acateno,2,21,25.32,17.32
Acatepec,76,12,27.39,16.9
Acatic,1,14,27.58,12.36
Acatlán,2,30,25.89333333333333,14.173333333333332
Acatlán de Juárez,2,14,28.32,11.87
Acatlán de Pérez Figueroa,2,20,31.1,21.92
Acatzingo,4,21,23.6,11.4
Acaxochitlán,2,13,23.57,11.27
Acayucan,3,30,30.57,21.79
Acolman,2,15,25.52,13.02
Aconchi,1,26,26.42,10.86
Acteopan,5,21,23.49,13.58
Actopan,4,30,25.395,15.01
Acuamanala de Miguel Hidalgo,22,29,22.74,11.77
Acuitzio,1,16,20.1,11.22
Acula,5,30,31.31,22.29
Aculco,3,15,22.27,9.68
Acultzingo,6,30,25.07,12.59
Acuña,2,5,24.77,13.76
Acámbaro,2,11,24.22,10.2
Agua Blanca de Iturbide,4,13,23.07,12.51
Agua Dulce,204,30,30.93,23.07
Agua Prieta,2,26,22.96,8.21
Agualeguas,2,19,20.66,18.78
Aguascalientes,1,1,27.44,8.42
Aguililla,2,16,30.08,19.11
Ahome,1,25,29.22,19.74
Ahuacatlán,6,21,25.75,13.195
Ahuacuotzingo,2,12,27.99,16.01
Ahualulco,1,24,27.34,10.09
Ahualulco de Mercado,3,14,29.46,11.88
Ahuatlán,7,21,28.82,18.63
Ahuazotepec,8,21,23.11,10.63
Ahuehuetitla,9,21,31.44,18.57
Ahumada,1,8,21.5,6.0
Ajacuba,5,13,24.34,9.61
Ajalpan,10,21,26.58,13.65
Ajuchitlán del Progreso,3,12,26.99,18.52
Akil,3,31,33.6,18.43
Alamos,3,26,29.73,14.59
Alaquines,2,24,27.79,18.91
Albino Zertuche,11,21,31.21,18.1
Alcozauca de Guerrero,4,12,26.32,15.28
Aldama,113,7,24.709999999999997,14.01
Alfajayucan,6,13,24.98,11.42
Aljojuca,12,21,22.57,10.25
Allende,3,8,23.27333333333333,13.906666666666666
Almoloya,7,13,22.31,8.39
Almoloya de Alquisiras,4,15,16.06,10.05
Almoloya de Juárez,5,15,17.49,7.44
Almoloya del Río,6,15,18.32,9.34
Alpatláhuac,8,30,22.98,11.92
Alpoyeca,5,12,29.1,16.62
Altamira,3,28,28.26,21.97
Altamirano,4,7,25.37,14.49
Altar,4,26,27.53,14.94
Altepexi,13,21,29.19,14.02
Alto Lucero de Gutiérrez Barrios,9,30,27.93,18.82
Altotonga,10,30,21.49,11.48
Alvarado,11,30,29.3,23.25
Amacueca,4,14,23.37,10.53
Amacuzac,1,17,25.73,15.72
Amanalco,7,15,13.52,5.79
Amatenango de la Frontera,6,7,23.39,13.37
Amatenango del Valle,7,7,25.33,13.89
Amatepec,8,15,23.95,15.91
Amatitlán,12,30,31.27,22.09
Amatitán,5,14,30.17,11.98
Amatlán de Cañas,3,18,29.22,13.83
Amatlán de los Reyes,14,30,28.72,18.95
Amatán,5,7,27.26,16.82
Amaxac de Guerrero,1,29,22.81,10.25
Amealco de Bonfil,1,22,22.83,9.65
Ameca,6,14,28.34,11.99
Amecameca,9,15,16.39,8.89
Amixtlán,14,21,22.61,13.03
Amozoc,15,21,21.33,12.04
Angamacutiro,4,16,27.96,14.04
Angangueo,5,16,16.01,5.95
Angel Albino Corzo,8,7,24.92,14.55
Angel R. Cabada,15,30,28.32,22.2
Angostura,2,25,28.04,19.38
Antiguo Morelos,4,28,30.2,20.71
Anáhuac,5,19,24.86,17.01
Apan,8,13,22.29,8.52
Apaseo el Alto,4,11,27.02,11.58
Apaseo el Grande,5,11,27.77,11.95
Apatzingán,6,16,33.96,21.95
Apaxco,10,15,24.91,9.89
Apaxtla,6,12,27.88,18.18
Apazapan,17,30,28.61,18.52
Apetatitlán de Antonio Carvajal,2,29,23.61,10.84
Apizaco,5,29,22.61,9.65
Apodaca,6,19,23.04,19.0
Aporo,7,16,17.66,7.04
Apozol,1,32,28.38,10.48
Apulco,2,32,27.64,9.86
Aquila,18,30,26.634999999999998,16.945
Aquiles Serdán,4,8,21.84,11.81
Aquismón,3,24,27.98,18.49
Aquixtla,16,21,21.72,8.8
Aramberri,7,19,24.16,11.76
Arandas,8,14,26.81,11.47
Arcelia,7,12,27.22,18.92
Ario,9,16,25.14,16.31
Arivechi,5,26,25.96,6.6
Arizpe,6,26,24.2,9.42
Armadillo de los Infante,4,24,28.43,13.93
Armería,1,6,28.97,20.36
Arriaga,9,7,32.88,24.9
Arroyo Seco,3,22,26.26,15.39
Arteaga,4,5,26.455,15.170000000000002
Ascensión,5,8,22.61,9.0
Asientos,2,1,26.39,8.87
Astacinga,19,30,25.29,13.43
Asunción Cacalotepec,3,20,27.44,13.85
Asunción Cuyotepeji,4,20,27.96,12.86
Asunción Ixtaltepec,5,20,33.65,23.01
Asunción Nochixtlán,6,20,26.21,12.37
Asunción Ocotlán,7,20,30.21,15.87
Asunción Tlacolulita,8,20,31.42,18.52
Atarjea,6,11,23.08,13.12
Atemajac de Brizuela,10,14,24.03,11.13
Atempan,17,21,19.15,8.9
Atenango del Río,8,12,30.26,17.8
Atenco,11,15,24.16,14.02
Atengo,11,14,26.17,12.6
Atenguillo,12,14,24.99,12.22
Atexcal,18,21,28.9,13.59
Atil,7,26,27.49,15.31
Atitalaquia,10,13,25.38,9.71
Atizapán,12,15,18.38,9.02
Atizapán de Zaragoza,13,15,23.42,10.09
Atlacomulco,14,15,20.84,8.15
Atlahuilco,20,30,25.5,14.5
Atlamajalcingo del Monte,9,12,25.12,15.06
Atlangatepec,3,29,22.29,9.0
Atlapexco,11,13,27.15,20.14
Atlatlahucan,2,17,21.44,11.75
Atlautla,15,15,17.1,9.87
Atlequizayan,80,21,21.85,13.36
Atlixco,19,21,19.64,11.26
Atlixtac,10,12,25.86,14.87
Atltzayanca,4,29,22.67,8.67
Atolinga,3,32,25.1,9.1
Atotonilco de Tula,13,13,25.35,9.79
Atotonilco el Alto,13,14,28.93,12.2
Atotonilco el Grande,12,13,19.44,9.97
Atoyac,21,30,28.02,16.02
Atoyac de Álvarez,11,12,30.74,22.56
Atoyatempan,20,21,25.77,14.27
Atzacan,22,30,25.03,14.68
Atzala,21,21,28.51,17.3
Atzalan,23,30,23.48,14.12
Atzitzihuacán,22,21,22.18,12.76
Atzitzintla,23,21,21.97,10.85
Autlán de Navarro,15,14,24.58,12.78
Axapusco,16,15,23.32,10.87
Axochiapan,3,17,28.69,16.82
Axtla de Terrazas,53,24,27.06,18.46
Axutla,24,21,31.52,18.74
Ayahualulco,25,30,22.12,9.68
Ayala,4,17,28.72,16.66
Ayapango,17,15,16.65,9.13
Ayoquezco de Aldama,398,20,28.03,12.78
Ayotlán,16,14,29.32,12.67
Ayotoxco de Guerrero,25,21,23.52,15.75
Ayotzintepec,9,20,30.22,18.91
Ayutla,17,14,24.2,13.05
Ayutla de los Libres,12,12,30.68,19.64
Azcapotzalco,2,9,25.73,12.17
Azoyú,13,12,32.82,21.3
Baca,4,31,33.63,19.92
Bacadéhuachi,8,26,24.67,7.15
Bacalar,10,23,33.08,19.04
Bacanora,9,26,28.37,8.36
Bacerac,10,26,22.15,4.35
Bachíniva,6,8,15.71,4.75
Bacoachi,11,26,23.0,8.61
Badiraguato,3,25,27.24,11.82
Bahía de Banderas,20,18,27.32,20.97
Balancán,1,27,31.9,23.3
Balleza,7,8,16.95,2.15
Banderilla,26,30,22.84,12.95
Banámichi,13,26,25.69,10.31
Batopilas de Manuel Gómez Morín,8,8,26.32,11.63
Bavispe,15,26,23.29,6.28
Baviácora,14,26,26.59,11.19
Bejucal de Ocampo,10,7,22.93,12.38
Bella Vista,11,7,25.36,14.27
Benemérito de las Américas,114,7,33.23,18.39
Benito Juárez,14,9,27.458571428571428,16.49142857142857
Benjamín Hill,16,26,27.61,14.96
Berriozábal,12,7,25.65,17.54
Boca del Río,28,30,28.82,23.31
Bochil,13,7,23.96,13.92
Bocoyna,9,8,15.37,3.17
Bokobá,5,31,34.6,19.77
Bolaños,19,14,27.04,9.94
Briseñas,11,16,29.79,14.1
Buctzotz,6,31,34.5,20.55
Buenaventura,10,8,21.01,5.0
Buenavista,12,16,34.39,21.6
Buenavista de Cuéllar,15,12,26.1,16.26
Burgos,5,28,24.96,19.92
Bustamante,6,28,22.415,15.01
Bácum,12,26,29.75,14.9
Cabo Corrientes,20,14,27.48,20.38
Caborca,17,26,29.64,16.17
Cacahoatán,15,7,27.41,16.41
Cacalchén,7,31,34.79,19.71
Cadereyta Jiménez,9,19,23.19,18.03
Cadereyta de Montes,4,22,26.42,14.4
Cajeme,18,26,29.88,13.94
Calakmul,10,4,32.28,18.73
Calcahualco,29,30,22.08,10.91
Calera,5,32,24.0,6.46
Calihualá,11,20,28.17,15.89
Calimaya,18,15,16.67,8.26
Calkiní,1,4,32.56,19.49
Calnali,14,13,23.92,17.75
Calotmul,8,31,35.2,20.49
Calpan,26,21,14.56,6.76
Calpulalpan,6,29,19.97,8.53
Caltepec,27,21,28.12,12.82
Calvillo,3,1,27.49,7.81
Camargo,7,28,23.435000000000002,13.86
Camarón de Tejeda,7,30,31.47,21.16
Camerino Z. Mendoza,30,30,24.76,13.42
Camocuautla,28,21,22.51,13.53
Campeche,2,4,33.61,19.19
Cananea,19,26,21.82,8.86
Canatlán,1,10,20.64,5.09
Candela,5,5,21.28,16.53
Candelaria,11,4,35.5,23.14
Candelaria Loxicha,12,20,31.15,18.56
Canelas,2,10,19.99,7.48
Cansahcab,9,31,33.27,20.1
Cantamayec,10,31,34.44,19.0
Capitán Luis Ángel Vidal,120,7,25.63,13.71
Capulhuac,19,15,18.34,8.83
Capulálpam de Méndez,247,20,25.38,9.21
Carbó,20,26,28.32,14.12
Cardonal,15,13,24.54,13.38
Carichí,12,8,18.39,5.33
Carlos A. Carrillo,208,30,31.4,22.26
Carmen,3,4,31.94,22.39
Carrillo Puerto,31,30,31.59,21.69
Carácuaro,13,16,30.2,18.74
Casas,8,28,26.16,19.1
Casas Grandes,13,8,19.42,2.71
Casimiro Castillo,21,14,26.9,15.66
Castaños,6,5,21.89,13.94
Castillo de Teayo,157,30,28.33,19.68
Catazajá,16,7,30.59,22.3
Catemaco,32,30,27.32,21.28
Catorce,6,24,26.55,10.71
Caxhuacan,29,21,22.53,14.47
Cazones de Herrera,33,30,27.31,20.45
Cañada Morelos,99,21,24.68,12.68
Cañadas de Obregón,117,14,27.59,11.39
Cañitas de Felipe Pescador,6,32,26.03,6.81
Cedral,7,24,26.63,11.65
Celaya,7,11,28.55,11.71
Celestún,11,31,32.34,20.29
Cenotillo,12,31,35.06,20.39
Centla,3,27,32.71,22.71
Centro,4,27,32.27,22.77
Cerralvo,11,19,20.11,18.79
Cerritos,8,24,28.14,17.51
Cerro Azul,34,30,27.89,20.29
Cerro de San Pedro,9,24,29.27,11.96
Chacaltianguis,54,30,31.38,22.39
Chacsinkín,16,31,34.21,18.83
Chahuites,25,20,33.82,26.18
Chalcatongo de Hidalgo,26,20,25.55,13.96
Chalchicomula de Sesma,45,21,21.6,10.6
Chalchihuites,9,32,19.96,3.51
Chalchihuitán,22,7,26.22,12.73
Chalco,25,15,16.57,7.51
Chalma,55,30,28.5,20.88
Champotón,4,4,33.74,20.01
Chamula,23,7,21.11,10.6
Chanal,24,7,21.59,10.04
Chankom,17,31,35.65,19.59
Chapa de Mota,26,15,21.2,7.66
Chapab,18,31,33.72,18.73
Chapala,30,14,27.3,16.38
Chapantongo,17,13,23.46,10.33
Chapulco,46,21,25.58,12.95
Chapulhuacán,18,13,25.41,17.1
Chapultenango,25,7,24.94,16.28
Chapultepec,27,15,17.01,5.98
Charapan,21,16,24.48,10.95
Charcas,15,24,25.85,10.72
Charo,22,16,21.34,11.45
Chavinda,23,16,29.71,13.39
Chemax,19,31,35.19,20.57
Chenalhó,26,7,25.73,12.23
Cherán,24,16,23.46,10.77
Chiapa de Corzo,27,7,26.98,17.01
Chiapilla,28,7,29.63,19.32
Chiautempan,10,29,22.34,10.45
Chiautla,47,21,27.785,15.760000000000002
Chiautzingo,48,21,14.89,6.07
Chichimilá,21,31,35.99,20.21
Chichiquila,50,21,24.41,13.21
Chicoasén,29,7,24.64,15.49
Chicoloapan,29,15,20.68,11.06
Chicomuselo,30,7,27.18,16.57
Chiconamel,56,30,28.67,20.92
Chiconcuac,30,15,24.6,13.78
Chiconcuautla,49,21,22.7,11.7
Chiconquiaco,57,30,24.41,15.5
Chicontepec,58,30,28.58,20.43
Chicxulub Pueblo,20,31,33.2,20.19
Chietla,51,21,28.81,17.16
Chigmecatitlán,52,21,27.06,16.13
Chignahuapan,53,21,22.54,8.62
Chignautla,54,21,19.47,8.82
Chihuahua,19,8,20.54,5.16
Chikindzonot,22,31,35.51,19.56
Chila,55,21,29.77,16.06
Chila de la Sal,56,21,31.41,18.44
Chilapa de Álvarez,28,12,25.99,15.25
Chilchota,25,16,24.77,11.13
Chilchotla,58,21,21.6,9.5
Chilcuautla,19,13,25.21,10.63
Chilpancingo de los Bravo,29,12,24.16,15.66
Chilón,31,7,27.94,16.54
Chimalhuacán,31,15,23.73,13.3
Chimaltitán,31,14,27.37,10.61
China,13,19,23.59,20.97
Chinameca,59,30,30.85,22.42
Chinampa de Gorostiza,60,30,26.63,20.99
Chinantla,59,21,31.57,19.02
Chinicuila,26,16,29.36,18.33
Chiquihuitlán de Benito Juárez,27,20,26.3,14.1
Chiquilistlán,32,14,23.38,12.09
Chocamán,62,30,25.61,14.97
Chocholá,23,31,34.41,19.22
Choix,7,25,31.04,16.06
Chontla,63,30,28.05,20.34
Chucándiro,27,16,23.92,11.41
Chumatlán,64,30,25.06,17.47
Chumayel,24,31,34.0,18.85
Churintzio,28,16,29.0,13.46
Churumuco,29,16,32.92,20.41
Chínipas,20,8,27.79,11.13
Cihuatlán,22,14,30.3,20.89
Cintalapa,17,7,30.33,21.57
Citlaltépetl,35,30,27.71,20.34
Ciudad Fernández,11,24,29.2,17.67
Ciudad Ixtepec,14,20,33.86,22.72
Ciudad Madero,9,28,26.91,22.49
Ciudad Valles,13,24,29.73,21.07
Ciudad del Maíz,10,24,27.88,19.27
Ciénega de Flores,12,19,22.06,18.35
Ciénega de Zimatlán,13,20,28.13,13.06
Coacalco de Berriozábal,20,15,26.5,12.48
Coacoatzintla,36,30,22.74,12.95
Coahuayana,14,16,31.33,20.54
Coahuayutla de José María Izazaga,16,12,31.9,20.85
Coahuitlán,37,30,26.02,18.25
Coalcomán de Vázquez Pallares,15,16,27.69,17.32
Coapilla,18,7,26.87,16.41
Coatecas Altas,15,20,28.82,13.12
Coatepec,30,21,23.105,13.489999999999998
Coatepec Harinas,21,15,17.58,10.3
Coatlán del Río,5,17,23.58,14.47
Coatzacoalcos,39,30,29.7,23.92
Coatzingo,31,21,28.37,17.78
Coatzintla,40,30,27.51,18.94
Cochoapa el Grande,78,12,27.68,16.93
Cocotitlán,22,15,16.98,8.23
Cocula,17,12,27.979999999999997,14.975
Coeneo,16,16,22.99,10.97
Coetzala,41,30,28.34,18.65
Cohetzala,32,21,30.43,17.64
Cohuecan,33,21,22.85,13.04
Coicoyán de las Flores,16,20,27.1,15.64
Cojumatlán de Régules,74,16,27.16,15.19
Colima,2,6,28.5,17.43
Colipa,42,30,26.0,18.41
Colotlán,25,14,24.83,7.09
Colón,5,22,25.98,12.07
Comala,3,6,26.13,15.52
Comalcalco,5,27,30.67,22.62
Comapa,43,30,29.91,19.65
Comitán de Domínguez,19,7,27.63,16.4
Comondú,1,3,30.26,17.82
Comonfort,9,11,27.74,11.38
Compostela,4,18,27.58,18.84
Concepción Buenavista,18,20,27.51,12.22
Concepción Pápalo,19,20,28.04,13.45
Concepción de Buenos Aires,26,14,27.02,13.99
Concepción del Oro,7,32,26.46,9.77
Concordia,4,25,28.42,14.45
Coneto de Comonfort,3,10,22.7,7.4
Conkal,13,31,34.02,20.06
Constancia del Rosario,20,20,28.2,16.18
Contepec,17,16,20.38,7.7
Contla de Juan Cuamatzi,18,29,22.81,10.25
Copainalá,21,7,24.5,16.44
Copala,18,12,31.54,23.92
Copalillo,19,12,30.13,17.41
Copanatoyac,20,12,25.48,14.48
Copándaro,18,16,24.07,11.41
Coquimatlán,4,6,28.19,17.88
Coronado,14,8,21.84,10.53
Coronango,34,21,21.1,10.96
Coroneo,10,11,23.23,9.23
Corregidora,6,22,27.05,11.91
Cortazar,11,11,29.21,12.01
Cosalá,5,25,29.8,14.22
Cosamaloapan de Carpio,45,30,31.51,22.45
Cosautlán de Carvajal,46,30,24.88,14.13
Coscomatepec,47,30,24.33,13.53
Cosolapa,21,20,31.71,21.29
Cosoleacaque,48,30,30.73,22.46
Cosoltepec,22,20,29.92,14.41
Cosío,4,1,26.07,8.87
Cotaxtla,49,30,31.83,22.17
Cotija,19,16,27.53,15.34
Coxcatlán,35,21,27.560000000000002,16.055
Coxquihui,50,30,26.88,18.83
Coyame del Sotol,15,8,22.36,6.86
Coyoacán,3,9,22.76,11.05
Coyomeapan,36,21,27.43,14.37
Coyotepec,37,21,26.990000000000002,12.175
Coyuca de Benítez,21,12,31.49,22.59
Coyuca de Catalán,22,12,27.89,19.11
Coyutla,51,30,26.68,18.69
Cozumel,1,23,30.18,23.97
Cruillas,10,28,24.26,20.24
Cuajimalpa de Morelos,4,9,19.27,7.12
Cuajinicuilapa,23,12,32.9,22.94
Cualác,24,12,28.57,16.21
Cuapiaxtla,8,29,22.93,9.14
Cuapiaxtla de Madero,38,21,24.39,13.21
Cuatro Ciénegas,7,5,24.54,10.55
Cuauhtémoc,15,9,23.502499999999998,10.42
Cuautempan,39,21,21.67,11.01
Cuautepec,25,12,31.79,22.34
Cuautepec de Hinojosa,16,13,23.52,9.17
Cuautinchán,40,21,22.66,13.21
Cuautitlán,24,15,25.07,11.17
Cuautitlán Izcalli,121,15,24.62,10.92
Cuautitlán de García Barragán,27,14,26.21,15.05
Cuautla,28,14,25.689999999999998,14.0
Cuautlancingo,41,21,22.13,12.05
Cuaxomulco,9,29,22.1,9.76
Cuayuca de Andrade,42,21,29.89,18.33
Cucurpe,22,26,24.92,11.38
Cuencamé,4,10,23.57,9.75
Cuernavaca,7,17,22.13,12.06
Cuerámaro,12,11,30.08,12.37
Cuetzala del Progreso,26,12,27.92,17.66
Cuetzalan del Progreso,43,21,22.56,14.6
Cuichapa,52,30,30.1,20.5
Cuilápam de Guerrero,23,20,27.7,12.91
Cuitláhuac,53,30,31.19,21.36
Cuitzeo,20,16,24.78,11.42
Culiacán,6,25,29.91,16.28
Cumpas,23,26,24.93,9.05
Cuncunul,14,31,36.09,20.42
Cunduacán,6,27,31.41,22.95
Cuquío,29,14,27.25,12.85
Cusihuiriachi,18,8,16.78,6.3
Cutzamala de Pinzón,27,12,28.98,19.2
Cuyamecalco Villa de Zaragoza,24,20,27.95,13.9
Cuyoaco,44,21,21.58,8.49
Cuzamá,15,31,34.3,19.61
Cárdenas,5,24,30.605,21.205
Córdoba,44,30,27.32,17.25
Degollado,33,14,29.39,13.15
Del Nayar,9,18,27.02,12.12
Delicias,21,8,23.38,11.66
Divisaderos,24,26,26.52,9.04
Doctor Arroyo,14,19,25.45,11.81
Doctor Coss,15,19,23.7,21.3
Doctor González,16,19,21.23,19.01
Doctor Mora,13,11,21.51,10.91
Dolores Hidalgo Cuna de la Independencia Nacional,14,11,26.31,10.44
Domingo Arenas,60,21,15.84,7.2
Donato Guerra,32,15,16.21,7.81
Dr. Belisario Domínguez,22,8,19.79,8.9
Durango,5,10,21.65,2.97
Dzemul,26,31,32.69,20.3
Dzidzantún,27,31,32.35,21.1
Dzilam González,29,31,32.8,21.2
Dzilam de Bravo,28,31,31.26,21.94
Dzitás,30,31,35.43,20.25
Dzoncauich,31,31,34.53,20.29
Dzán,25,31,33.65,18.62
Ebano,16,24,28.97,21.72
Ecatepec de Morelos,33,15,27.64,14.2
Ecatzingo,34,15,16.41,8.57
Ecuandureo,30,16,30.33,13.17
Eduardo Neri,75,12,26.69,16.33
Ejutla,34,14,24.59,13.16
El Arenal,9,13,25.814999999999998,10.51
El Barrio de la Soledad,10,20,32.06,21.82
El Bosque,14,7,24.07,12.91
El Carmen,10,19,22.16,17.91
El Carmen Tequexquitla,7,29,23.02,9.48
El Espinal,30,20,34.56,24.15
El Fuerte,10,25,32.16,18.51
El Grullo,37,14,24.44,12.22
El Higo,205,30,29.36,21.46
El Limón,54,14,24.65,12.8
El Llano,10,1,26.39,8.65
El Mante,21,28,29.45,21.23
El Marqués,11,22,24.76,11.07
El Naranjo,58,24,27.89,19.37
El Oro,18,10,22.560000000000002,6.4
El Parral,122,7,31.84,20.44
El Plateado de Joaquín Amaro,15,32,25.43,7.11
El Porvenir,70,7,24.19,12.75
El Salto,70,14,28.76,13.26
El Salvador,41,32,26.88,10.83
El Tule,64,8,20.83,7.18
Elota,8,25,28.87,16.96
Eloxochitlán,61,21,25.66,15.6
Eloxochitlán de Flores Magón,29,20,27.66,15.27
Emiliano Zapata,7,27,26.623333333333335,16.01
Empalme,25,26,29.98,15.05
Encarnación de Díaz,35,14,27.63,9.61
Ensenada,1,2,24.95,15.07
Epatlán,62,21,27.84,17.7
Epazoyucan,22,13,23.27,9.07
Epitacio Huerta,31,16,22.38,8.72
Erongarícuaro,32,16,21.41,10.5
Escobedo,8,5,23.26,16.21
Escuinapa,9,25,29.88,17.19
Escuintla,32,7,29.78,18.58
Escárcega,9,4,34.56,21.21
Españita,12,29,20.39,8.43
Esperanza,63,21,23.08,11.72
Espinal,66,30,26.52,18.55
Espita,32,31,35.29,20.51
Etchojoa,26,26,30.09,16.88
Etzatlán,36,14,29.14,12.24
Ezequiel Montes,7,22,26.94,13.01
Felipe Carrillo Puerto,2,23,33.25,19.82
Filomeno Mata,67,30,24.51,17.0
Florencio Villarreal,30,12,28.75,23.57
Fortín,68,30,26.52,16.64
Francisco I. Madero,9,5,24.43,9.795000000000002
Francisco León,33,7,26.93,18.66
Francisco Z. Mena,64,21,28.36,19.91
Fresnillo,10,32,23.66,5.9
Fresnillo de Trujano,32,20,30.77,18.61
Frontera,10,5,22.41,16.25
Frontera Comalapa,34,7,26.87,17.35
Frontera Hidalgo,35,7,32.44,22.11
Fronteras,27,26,22.98,8.46
Gabriel Zamora,33,16,29.77,19.45
Galeana,23,8,22.424999999999997,7.825
García,18,19,20.54,15.39
Genaro Codina,12,32,20.99,5.82
General Bravo,20,19,23.65,21.29
General Canuto A. Neri,31,12,24.39,16.99
General Cepeda,11,5,23.44,9.64
General Enrique Estrada,13,32,24.05,6.3
General Escobedo,21,19,22.27,18.09
General Felipe Ángeles,65,21,23.42,11.24
General Francisco R. Murguía,14,32,26.14,6.63
General Heliodoro Castillo,32,12,25.21,16.61
General Plutarco Elías Calles,70,26,30.15,16.12
General Pánfilo Natera,16,32,26.23,9.03
General Simón Bolívar,6,10,25.57,11.92
General Terán,22,19,23.59,19.5
General Treviño,23,19,21.88,19.78
General Zaragoza,24,19,23.07,10.87
General Zuazua,25,19,21.96,18.37
González,12,28,27.9,21.19
Gran Morelos,26,8,19.52,7.36
Granados,28,26,26.14,8.87
Guachinango,38,14,28.17,13.05
Guachochi,27,8,16.6,4.37
Guadalajara,39,14,28.68,12.23
Guadalcázar,17,24,27.45,16.59
Guadalupe,66,21,25.1875,13.105
Guadalupe Etla,33,20,26.95,11.68
Guadalupe Victoria,67,21,23.345,6.615
Guadalupe de Ramírez,34,20,29.91,17.22
Guadalupe y Calvo,29,8,20.93,3.97
Guanaceví,9,10,19.39,1.55
Guanajuato,15,11,27.9,11.16
Guasave,11,25,30.83,19.06
Guaymas,29,26,29.49,14.89
Guazapares,30,8,27.17,12.09
Guelatao de Juárez,35,20,25.4,8.92
Guerrero,14,28,23.473333333333333,13.12
Guevea de Humboldt,36,20,31.15,19.22
Gustavo A. Madero,5,9,27.25,13.78
Gustavo Díaz Ordaz,15,28,24.25,19.9
Gutiérrez Zamora,69,30,26.81,20.18
Gómez Farías,11,28,22.913333333333338,12.033333333333333
Gómez Palacio,7,10,24.9,13.16
Güémez,13,28,27.91,19.11
Halachó,33,31,33.37,19.2
Hecelchakán,5,4,33.36,19.04
Hermenegildo Galeana,68,21,23.31,15.23
Hermosillo,30,26,29.72,14.61
Heroica Ciudad de Ejutla de Crespo,28,20,28.88,13.27
Heroica Ciudad de Huajuapan de León,39,20,29.04,15.38
Heroica Ciudad de Juchitán de Zaragoza,43,20,34.25,25.47
Heroica Ciudad de Tlaxiaco,397,20,25.04,12.13
Heroica Villa Tezoatlán de Segura y Luna,549,20,27.77,14.05
Hidalgo,47,19,23.616,14.318000000000001
Hidalgo del Parral,32,8,21.47,9.06
Hidalgotitlán,70,30,30.66,22.77
Higueras,28,19,20.29,17.69
Hocabá,34,31,34.26,19.74
Hoctún,35,31,34.33,19.8
Homún,36,31,34.25,19.6
Honey,57,21,23.43,12.32
Hopelchén,6,4,33.35,18.14
Hostotipaquillo,40,14,30.9,12.62
Huachinera,31,26,22.53,4.44
Huajicori,5,18,27.6,12.75
Hualahuises,29,19,24.23,17.04
Huamantla,13,29,21.32,8.65
Huamuxtitlán,33,12,30.15,17.08
Huandacareo,36,16,25.13,11.84
Huaniqueo,37,16,23.85,11.35
Huanusco,18,32,28.98,8.09
Huanímaro,16,11,29.6,13.13
Huaquechula,69,21,23.53,13.98
Huasca de Ocampo,24,13,20.59,9.04
Huatabampo,33,26,28.45,18.85
Huatlatlauca,70,21,26.88,16.03
Huatusco,71,30,26.05,15.25
Huauchinango,71,21,23.44,12.91
Huautepec,40,20,26.86,14.68
Huautla,25,13,28.2,20.58
Huautla de Jiménez,41,20,27.31,15.53
Huayacocotla,72,30,22.35,13.16
Huazalingo,26,13,25.19,19.1
Huehuetla,72,21,23.92,16.244999999999997
Huehuetlán,18,24,26.41,17.34
Huehuetlán el Chico,73,21,29.84,17.45
Huehuetlán el Grande,150,21,26.51,16.36
Huehuetoca,35,15,24.79,10.23
Huehuetán,37,7,31.87,22.17
Huejotitán,33,8,20.65,7.87
Huejotzingo,74,21,15.76,7.11
Huejuquilla el Alto,42,14,24.57,5.86
Huejutla de Reyes,28,13,27.37,20.29
Huejúcar,41,14,23.61,6.26
Huetamo,38,16,32.47,20.5
Hueyapan,75,21,20.84,12.13
Hueyapan de Ocampo,73,30,29.31,21.29
Hueyotlipan,14,29,22.68,9.65
Hueypoxtla,36,15,24.84,10.26
Hueytamalco,76,21,23.86,15.64
Hueytlalpan,77,21,22.48,13.81
Huhí,37,31,34.25,19.66
Huichapan,29,13,24.73,11.74
Huiloapan de Cuauhtémoc,74,30,25.14,14.31
Huimanguillo,8,27,31.54,23.04
Huimilpan,8,22,25.23,10.58
Huiramba,39,16,20.82,9.99
Huitiupán,39,7,28.04,14.76
Huitzilac,9,17,20.54,9.29
Huitzilan de Serdán,78,21,21.41,11.31
Huitziltepec,79,21,26.37,13.98
Huitzuco de los Figueroa,34,12,28.82,17.4
Huixquilucan,37,15,19.03,7.36
Huixtla,40,7,32.09,22.64
Huixtán,38,7,24.02,11.69
Hunucmá,38,31,32.18,20.94
Huásabas,32,26,25.63,8.69
Huépac,34,26,26.07,10.43
Ignacio Zaragoza,34,8,18.52,2.04
Ignacio de la Llave,75,30,31.04,22.51
Iguala de la Independencia,35,12,28.25,17.62
Igualapa,36,12,31.9,20.27
Ilamatlán,76,30,23.89,17.31
Iliatenco,81,12,27.81,17.29
Imuris,35,26,24.01,11.34
Indaparapeo,40,16,20.76,10.54
Indé,11,10,23.03,8.7
Irapuato,17,11,30.75,12.21
Irimbo,41,16,18.71,7.42
Isidro Fabela,38,15,19.48,8.66
Isla,77,30,31.12,22.1
Isla Mujeres,3,23,31.43,24.71
Iturbide,30,19,23.24,13.02
Ixcamilpa de Guerrero,81,21,30.4,17.5
Ixcaquixtla,82,21,28.07,13.9
Ixcateopan de Cuauhtémoc,37,12,22.16,14.76
Ixcatepec,78,30,28.42,20.42
Ixhuacán de los Reyes,79,30,23.3,11.77
Ixhuatlancillo,81,30,23.7,12.97
Ixhuatlán de Madero,83,30,27.72,20.04
Ixhuatlán del Café,80,30,27.17,16.64
Ixhuatlán del Sureste,82,30,30.75,22.34
Ixhuatán,42,7,26.36,14.86
Ixil,39,31,32.44,20.6
Ixmatlahuacan,84,30,31.56,22.28
Ixmiquilpan,30,13,25.25,12.4
Ixpantepec Nieves,65,20,27.45,15.95
Ixtacamaxtitlán,83,21,21.74,8.32
Ixtacomitán,43,7,27.55,18.43
Ixtacuixtla de Mariano Matamoros,15,29,20.68,8.93
Ixtaczoquitlán,85,30,26.18,16.24
Ixtapa,44,7,23.18,13.76
Ixtapaluca,39,15,17.43,7.92
Ixtapan de la Sal,40,15,15.48,9.36
Ixtapan del Oro,41,15,18.11,10.0
Ixtapangajoya,45,7,28.23,19.25
Ixtenco,16,29,20.85,9.09
Ixtepec,84,21,22.44,14.09
Ixtlahuaca,42,15,19.4,6.95
Ixtlahuacán,6,6,29.32,18.27
Ixtlahuacán de los Membrillos,44,14,27.94,15.42
Ixtlahuacán del Río,45,14,28.43,12.07
Ixtlán,42,16,30.46,13.27
Ixtlán de Juárez,42,20,26.6,13.26
Ixtlán del Río,6,18,30.22,13.59
Izamal,40,31,34.56,19.94
Iztacalco,6,9,24.61,13.6
Iztapalapa,7,9,23.87,12.97
Izúcar de Matamoros,85,21,29.21,17.9
Jacala de Ledezma,31,13,26.0,15.71
Jacona,43,16,28.32,12.66
Jala,7,18,29.87,13.59
Jalacingo,86,30,20.42,10.27
Jalapa,9,27,30.41,21.54
Jalcomulco,88,30,27.52,17.63
Jalostotitlán,46,14,28.05,10.77
Jalpa,19,32,28.91,9.14
Jalpa de Méndez,10,27,31.22,22.74
Jalpan,86,21,26.19,18.63
Jalpan de Serra,9,22,27.54,15.46
Jaltenco,44,15,25.9,11.44
Jaltocán,32,13,27.0,19.88
Jamapa,90,30,31.48,22.18
Jamay,47,14,28.71,15.11
Janos,35,8,21.41,6.37
Jantetelco,10,17,26.8,15.74
Jaral del Progreso,18,11,29.23,12.27
Jaumave,17,28,25.45,13.82
Jerez,20,32,21.7,4.85
Jerécuaro,19,11,24.14,9.71
Jesús Carranza,91,30,31.05,22.49
Jesús María,5,1,27.355,10.295
Jilotepec,93,30,23.175,11.774999999999999
Jilotlán de los Dolores,49,14,32.98,19.93
Jilotzingo,46,15,17.73,6.74
Jiménez,18,28,24.9825,15.0125
Jiménez del Teul,21,32,19.13,3.34
Jiquilpan,45,16,27.91,14.55
Jiquipilas,46,7,30.81,21.75
Jiquipilco,47,15,16.09,5.21
Jitotol,47,7,25.44,12.85
Jiutepec,11,17,27.24,16.1
Jocotepec,50,14,28.04,13.41
Jocotitlán,48,15,19.43,7.25
Jojutla,12,17,28.12,16.72
Jolalpan,87,21,30.01,17.59
Jonacatepec de Leandro Valle,13,17,26.91,15.66
Jonotla,88,21,22.69,14.66
Jonuta,11,27,31.68,22.43
Jopala,89,21,24.26,16.7
Joquicingo,49,15,18.32,10.04
José Azueta,169,30,31.28,22.27
José Joaquín de Herrera,79,12,25.64,15.13
José María Morelos,6,23,34.48,19.21
José Sixto Verduzco,113,16,28.85,13.49
Juan Aldama,22,32,24.63,5.03
Juan C. Bonilla,90,21,19.06,10.13
Juan Galindo,91,21,23.69,14.01
Juan N. Méndez,92,21,27.26,13.28
Juan R. Escudero,39,12,27.34,18.98
Juan Rodríguez Clara,94,30,30.86,22.0
Juanacatlán,51,14,28.63,14.09
Juchipila,23,32,28.07,11.06
Juchique de Ferrer,95,30,26.43,18.12
Juchitepec,50,15,18.87,9.87
Juchitlán,52,14,24.64,13.48
Juchitán,80,12,32.7,22.55
Julimes,38,8,22.39,11.72
Jungapeo,47,16,20.32,10.98
Juárez,48,7,24.3,15.772
Juárez Hidalgo,33,13,23.23,15.26
Jáltipan,89,30,31.06,22.13
Kanasín,41,31,34.62,19.83
Kantunil,42,31,34.45,19.79
Kaua,43,31,35.91,20.1
Kinchil,44,31,33.81,19.51
Kopomá,45,31,34.1,18.99
La Antigua,16,30,29.52,22.13
La Barca,18,14,29.93,13.28
La Colorada,21,26,29.69,13.44
La Compañía,17,20,28.38,13.12
La Concordia,20,7,26.77,16.48
La Cruz,16,8,24.24,8.34
La Grandeza,36,7,23.88,12.79
La Huacana,35,16,33.78,21.79
La Huerta,43,14,29.62,20.7
La Independencia,41,7,24.62,14.9
La Libertad,50,7,30.38,22.21
La Magdalena Contreras,8,9,19.75,7.14
La Magdalena Tlaltelulco,48,29,23.46,11.17
La Magdalena Tlatlauquitepec,95,21,26.42,16.07
La Manzanilla de la Paz,57,14,26.68,13.8
La Misión,40,13,25.64,16.19
La Paz,70,15,24.275,15.815000000000001
La Pe,69,20,28.48,13.23
La Perla,127,30,22.1,11.31
La Piedad,69,16,29.85,13.32
La Reforma,76,20,30.72,18.71
La Trinidad Vista Hermosa,556,20,27.3,11.3
La Trinitaria,99,7,26.5,16.28
La Unión de Isidoro Montes de Oca,68,12,31.84,23.72
La Yesca,19,18,28.18,12.2
Lafragua,93,21,21.15,8.89
Lagos de Moreno,53,14,26.7,9.83
Lagunillas,19,24,24.61,13.745
Lamadrid,16,5,23.15,11.49
Lampazos de Naranjo,32,19,21.75,17.69
Landa de Matamoros,10,22,27.4,15.59
Landero y Coss,96,30,23.49,14.31
Larráinzar,49,7,24.51,12.05
Las Choapas,61,30,31.02,23.36
Las Margaritas,52,7,25.51,15.07
Las Minas,107,30,20.83,10.17
Las Rosas,75,7,27.81,17.22
Las Vigas de Ramírez,132,30,21.36,10.58
Leonardo Bravo,40,12,24.85,15.66
Lerdo,12,10,25.66,8.0
Lerdo de Tejada,97,30,28.42,22.96
Lerma,51,15,18.65,8.29
León,20,11,28.07,10.85
Libres,94,21,22.69,8.7
Linares,33,19,24.74,17.65
Llera,19,28,27.35,18.92
Lolotla,34,13,23.96,16.81
Loma Bonita,44,20,31.28,22.14
Loreto,9,3,28.015,13.275
Los Aldamas,3,19,22.73,20.48
Los Cabos,8,3,26.35,16.3
Los Herreras,27,19,21.77,20.06
Los Ramones,42,19,22.01,19.34
Los Reyes,137,30,25.765,14.245000000000001
Los Reyes de Juárez,118,21,23.65,12.15
Luis Moya,25,32,26.17,9.08
Luvianos,123,15,24.17,15.34
Lázaro Cárdenas,47,29,28.153333333333336,17.88
López,39,8,22.4,11.41
Macuspana,12,27,30.92,21.85
Madera,40,8,20.39,1.9
Madero,49,16,22.18,13.96
Magdalena,98,30,27.396666666666665,13.903333333333334
Magdalena Apasco,45,20,26.84,10.98
Magdalena Jaltepec,46,20,26.61,12.76
Magdalena Mixtepec,48,20,27.08,11.86
Magdalena Ocotlán,49,20,28.71,13.33
Magdalena Peñasco,50,20,24.93,10.97
Magdalena Teitipac,51,20,27.77,12.57
Magdalena Tequisistlán,52,20,32.52,18.59
Magdalena Tlacotepec,53,20,35.47,22.27
Magdalena Yodocono de Porfirio Díaz,562,20,25.82,11.72
Magdalena Zahuatlán,54,20,26.15,12.28
Maguarichi,41,8,21.13,8.47
Mainero,20,28,25.88,16.9
Malinalco,52,15,18.03,10.71
Malinaltepec,41,12,26.7,16.27
Maltrata,99,30,23.69,12.05
Mama,46,31,33.89,18.89
Manlio Fabio Altamirano,100,30,31.2,21.76
Manuel Benavides,42,8,21.3,9.49
Manuel Doblado,8,11,28.63,11.99
Manzanillo,7,6,30.04,20.53
Maní,47,31,33.69,18.62
Mapastepec,51,7,29.19,19.27
Mapimí,13,10,24.73,8.31
Maravatío,50,16,20.52,7.87
Maravilla Tenejapa,115,7,30.11,17.7
Marcos Castellanos,51,16,26.79,14.19
Mariano Escobedo,101,30,23.8,13.19
Mariscala de Juárez,55,20,30.19,17.64
Marquelia,77,12,32.05,22.64
Marqués de Comillas,116,7,33.2,18.42
Martínez de la Torre,102,30,26.76,18.28
Marín,34,19,21.55,18.5
Mascota,58,14,25.92,14.35
Matachí,43,8,19.78,1.91
Matamoros,22,28,24.073333333333334,13.493333333333334
Matehuala,20,24,26.79,12.9
Matlapa,57,24,27.45,18.55
Matías Romero Avendaño,57,20,31.08,22.07
Maxcanú,48,31,33.72,19.1
Mayapán,49,31,34.23,19.01
Mazamitla,59,14,26.95,14.33
Mazapa de Madero,53,7,23.08,12.06
Mazapil,26,32,26.44,8.44
Mazapiltepec de Juárez,96,21,23.23,10.46
Mazatecochco de José María Morelos,17,29,21.67,11.14
Mazatepec,14,17,25.3,15.35
Mazatlán,12,25,28.65,16.11
Mazatlán Villa de Flores,58,20,28.38,14.2
Mazatán,54,7,30.35,18.675
Mecatlán,103,30,24.76,17.19
Mecayapan,104,30,28.89,22.39
Medellín de Bravo,105,30,30.64,22.44
Melchor Ocampo,53,15,24.52,13.103333333333333
Meoqui,45,8,25.03,9.7
Mesones Hidalgo,37,20,30.65,17.85
Metapa,55,7,32.2,21.11
Metepec,54,15,20.455,8.64
Metlatónoc,43,12,27.15,16.55
Metztitlán,37,13,22.24,12.91
Mexicali,2,2,29.75,20.14
Mexicaltzingo,55,15,16.47,5.83
Mexquitic de Carmona,21,24,27.82,9.96
Mexticacán,60,14,27.84,10.69
Mezcalapa,124,7,29.69,23.26
Mezquital,14,10,21.48,5.55
Mezquital del Oro,28,32,28.63,12.24
Mezquitic,61,14,25.11,8.04
Miacatlán,15,17,23.9,14.25
Miahuatlán,106,30,23.65,14.54
Miahuatlán de Porfirio Díaz,59,20,27.48,12.03
Mier,24,28,23.18,20.18
Mier y Noriega,36,19,24.75,13.77
Miguel Alemán,25,28,23.66,20.05
Miguel Auza,29,32,23.47,4.37
Miguel Hidalgo,16,9,22.6,10.58
Milpa Alta,9,9,23.39,12.23
Mina,37,19,22.22,16.82
Minatitlán,108,30,28.735,19.335
Mineral de la Reforma,51,13,24.42,9.58
Mineral del Chico,38,13,19.55,8.66
Mineral del Monte,39,13,22.45,8.87
Miquihuana,26,28,22.26,10.38
Misantla,109,30,25.47,16.94
Mitontic,56,7,23.97,10.74
Mixistlán de la Reforma,60,20,25.24,12.18
Mixquiahuala de Juárez,41,13,24.66,9.86
Mixtla,97,21,24.18,13.43
Mixtla de Altamirano,110,30,26.62,15.72
Mixtlán,62,14,26.64,12.16
Mochitlán,44,12,28.37,17.58
Mocochá,51,31,33.34,20.04
Mocorito,13,25,30.97,16.01
Moctezuma,22,24,27.295,11.004999999999999
Molango de Escamilla,42,13,23.15,15.76
Molcaxac,98,21,26.76,14.17
Moloacán,111,30,30.75,22.58
Momax,30,32,25.21,7.64
Monclova,18,5,23.05,16.05
Monjas,61,20,27.63,11.99
Monte Escobedo,31,32,23.67,6.12
Montecristo de Guerrero,117,7,24.99,14.59
Montemorelos,38,19,22.56,16.57
Monterrey,39,19,21.58,15.8
Morelia,53,16,21.34,10.93
Morelos,32,32,23.688,10.468
Moris,47,8,23.42,5.99
Moroleón,21,11,26.3,12.18
Motozintla,57,7,26.07,14.85
Motul,52,31,33.52,19.92
Moyahua de Estrada,33,32,28.11,12.06
Mulegé,2,3,27.1,15.61
Muna,53,31,33.46,18.64
Muxupip,54,31,34.47,19.79
Muñoz de Domingo Arenas,11,29,22.82,9.44
Mártir de Cuilapan,42,12,27.94,16.33
Mártires de Tacubaya,56,20,33.38,21.33
Méndez,23,28,24.78,21.23
Mérida,50,31,33.91,20.07
Múgica,55,16,34.73,22.81
Múzquiz,20,5,18.18,12.5
Nacajuca,13,27,32.26,22.69
Naco,39,26,22.0,9.12
Nacozari de García,41,26,21.11,10.01
Nadadores,21,5,23.1,13.11
Nahuatzen,56,16,22.21,10.76
Namiquipa,48,8,18.19,1.31
Nanacamilpa de Mariano Arista,21,29,18.76,7.66
Nanchital de Lázaro Cárdenas del Río,206,30,30.67,22.38
Naolinco,112,30,24.03,14.83
Naranjal,113,30,27.54,17.79
Naranjos Amatlán,13,30,27.17,20.83
Natividad,62,20,25.38,9.21
Natívitas,23,29,20.61,9.47
Naucalpan de Juárez,57,15,21.69,9.34
Naupan,100,21,23.97,14.31
Nautla,114,30,26.66,19.69
Nauzontla,101,21,21.19,12.09
Nava,22,5,28.06,15.93
Navojoa,42,26,30.02,15.98
Navolato,18,25,28.27,18.28
Nazareno Etla,63,20,26.92,11.44
Nazas,15,10,26.34,7.59
Nealtican,102,21,15.56,7.97
Nejapa de Madero,64,20,30.74,16.07
Nextlalpan,59,15,26.53,12.05
Nezahualcóyotl,58,15,25.51,14.29
Nicolás Bravo,103,21,25.67,12.78
Nicolás Flores,43,13,25.25,14.91
Nicolás Romero,60,15,18.97,7.28
Nicolás Ruíz,58,7,28.53,18.51
Nochistlán de Mejía,34,32,27.74,9.84
Nocupétaro,57,16,27.97,17.46
Nogales,43,26,22.66,12.63
Nombre de Dios,16,10,24.55,4.2
Nonoava,49,8,19.29,5.46
Nopala de Villagrán,44,13,23.2,10.45
Nopaltepec,61,15,23.64,10.77
Nopalucan,104,21,22.28,9.9
Noria de Ángeles,35,32,25.97,8.77
Nuevo Casas Grandes,50,8,21.02,6.1
Nuevo Ideal,39,10,24.14,4.35
Nuevo Laredo,27,28,27.53,17.27
Nuevo Morelos,28,28,29.97,20.35
Nuevo Parangaricutiro,58,16,24.32,13.46
Nuevo Urecho,59,16,27.19,17.86
Nuevo Zoquiápam,504,20,26.09,9.66
Numarán,60,16,29.43,13.59
Nácori Chico,40,26,23.82,5.31
Oaxaca de Juárez,67,20,26.99,12.0
Ocampo,29,28,22.05,9.191666666666666
Ocosingo,59,7,29.14,17.78
Ocotepec,60,7,24.39,12.625
Ocotlán,63,14,28.7,14.2
Ocotlán de Morelos,68,20,28.52,13.25
Ocoyoacac,62,15,18.51,6.15
Ocoyucan,106,21,22.27,13.4
Ocozocoautla de Espinosa,61,7,25.6,18.86
Ocuilan,63,15,17.37,8.4
Ocuituco,16,17,20.31,11.15
Ojinaga,52,8,23.13,8.14
Ojocaliente,36,32,25.87,8.9
Ojuelos de Jalisco,64,14,25.28,8.48
Olinalá,45,12,29.53,16.85
Olintla,107,21,23.46,15.56
Oluta,116,30,31.25,21.99
Omealca,117,30,30.79,20.84
Ometepec,46,12,33.05,20.91
Omitlán de Juárez,45,13,18.95,8.3
Onavas,44,26,29.68,9.91
Opichén,55,31,33.74,18.8
Opodepe,45,26,27.0,13.18
Oquitoa,46,26,28.0,15.5
Oriental,108,21,23.11,9.75
Orizaba,118,30,25.23,14.85
Ostuacán,62,7,29.53,21.66
Osumacinta,63,7,25.56,16.22
Otatitlán,119,30,31.38,22.48
Oteapan,120,30,31.19,22.02
Othón P. Blanco,4,23,31.83,20.18
Otumba,65,15,21.96,11.25
Otzoloapan,66,15,21.57,12.96
Otzolotepec,67,15,18.67,7.73
Otáez,19,10,21.34,4.63
Oxchuc,64,7,24.92,12.52
Oxkutzcab,56,31,33.2,18.35
Ozuluama de Mascareñas,121,30,26.98,20.82
Ozumba,68,15,17.25,9.98
Pabellón de Arteaga,6,1,26.72,8.49
Pachuca de Soto,48,13,23.62,9.37
Pacula,47,13,26.92,15.83
Padilla,30,28,27.23,19.93
Pahuatlán,109,21,23.82,13.64
Pajacuarán,62,16,29.93,13.66
Pajapan,122,30,29.42,23.34
Palenque,65,7,30.36,20.97
Palizada,7,4,32.05,22.35
Palmar de Bravo,110,21,23.98,12.39
Palmillas,31,28,24.46,13.06
Panabá,57,31,33.18,21.28
Panindícuaro,63,16,26.46,13.46
Panotla,24,29,23.11,10.7
Pantelhó,66,7,27.44,14.14
Pantepec,67,7,26.73,17.31
Papalotla,69,15,23.71,13.39
Papalotla de Xicohténcatl,41,29,22.74,11.77
Papantla,124,30,27.13,19.2
Paracho,65,16,23.04,10.74
Paraíso,14,27,29.98,23.48
Parras,24,5,26.17,9.49
Parácuaro,64,16,33.51,21.95
Parás,40,19,22.42,19.4
Paso de Ovejas,126,30,30.6,21.19
Paso del Macho,125,30,30.79,20.79
Pedro Ascencio Alquisiras,47,12,20.9,14.19
Pedro Escobedo,12,22,26.24,11.44
Penjamillo,67,16,27.99,13.79
Peribán,68,16,27.75,16.42
Perote,128,30,21.22,8.62
Pesquería,41,19,22.68,19.14
Petatlán,48,12,31.04,21.95
Petlalcingo,112,21,30.36,16.35
Peto,58,31,34.56,19.27
Peñamiller,13,22,25.07,13.98
Peñón Blanco,21,10,25.84,5.94
Piaxtla,113,21,31.56,19.17
Pichucalco,68,7,29.21,21.02
Piedras Negras,25,5,28.38,15.51
Pihuamo,65,14,28.89,18.1
Pijijiapan,69,7,30.37,20.58
Pilcaya,49,12,20.96,13.25
Pinal de Amoles,2,22,26.5,15.58
Pinos,38,32,25.6,8.64
Pinotepa de Don Luis,70,20,32.82,20.62
Pisaflores,49,13,25.89,16.97
Pitiquito,47,26,28.32,14.7
Platón Sánchez,129,30,28.72,20.93
Playa Vicente,130,30,31.14,21.73
Playas de Rosarito,5,2,23.34,16.57
Pluma Hidalgo,71,20,30.13,17.81
Poanas,22,10,24.6,3.81
Polotitlán,71,15,23.07,10.44
Poncitlán,66,14,27.82,16.27
Poza Rica de Hidalgo,131,30,27.72,18.9
Praxedis G. Guerrero,53,8,22.6,8.81
Progreso,59,31,26.155,20.275
Progreso de Obregón,50,13,24.92,10.38
Puebla,114,21,22.64,13.24
Pueblo Nuevo,23,10,26.33,9.765
Pueblo Nuevo Solistahuacán,72,7,26.3,13.6
Pueblo Viejo,133,30,27.52,21.39
Puente Nacional,134,30,30.24,20.09
Puente de Ixtla,17,17,27.38,16.41
Puerto Morelos,11,23,31.66,21.78
Puerto Peñasco,48,26,30.24,16.71
Puerto Vallarta,67,14,27.22,18.52
Pungarabato,50,12,30.77,20.83
Puruándiro,71,16,26.79,12.98
Purépero,70,16,25.39,12.3
Purísima del Rincón,25,11,28.87,10.66
Putla Villa de Guerrero,73,20,27.95,15.92
Pánuco,123,30,27.0,14.655000000000001
Pánuco de Coronado,20,10,25.66,4.87
Pátzcuaro,66,16,20.88,10.44
Pénjamo,23,11,29.21,13.37
Quecholac,115,21,23.57,11.75
Quechultenango,51,12,27.94,17.13
Queréndaro,72,16,20.25,10.19
Querétaro,14,22,25.35,11.33
Quimixtlán,116,21,23.23,11.62
Quintana Roo,60,31,35.26,20.15
Quiriego,49,26,29.19,12.36
Quiroga,73,16,22.28,10.26
Quitupan,69,14,27.45,15.17
Rafael Delgado,135,30,25.88,16.01
Rafael Lara Grajales,117,21,22.84,9.63
Rafael Lucio,136,30,22.16,11.93
Ramos Arizpe,27,5,22.52,12.96
Rayones,43,19,20.53,11.01
Rayón,73,7,25.052500000000002,13.565
Reforma,74,7,31.86,23.34
Reforma de Pineda,75,20,34.78,24.93
Reyes Etla,77,20,26.92,11.44
Reynosa,32,28,24.25,20.01
Rincón Chamula San Pedro,121,7,25.96,13.59
Rincón de Romos,7,1,25.59,8.21
Rioverde,24,24,29.45,18.62
Riva Palacio,54,8,17.61,2.88
Rodeo,24,10,26.55,6.09
Rojas de Cuauhtémoc,78,20,27.33,12.43
Romita,26,11,30.75,11.71
Rosales,55,8,24.02,9.27
Rosamorada,10,18,29.79,17.07
Rosario,14,25,25.98,10.563333333333334
Ruíz,11,18,29.54,15.68
Río Blanco,138,30,24.65,13.98
Río Bravo,33,28,25.11,20.73
Río Grande,39,32,25.27,6.28
Río Lagartos,61,31,30.61,23.22
Sabanilla,76,7,28.64,16.03
Sabinas,28,5,22.72,15.65
Sabinas Hidalgo,44,19,20.15,17.62
Sacalum,62,31,33.76,18.83
Sacramento,29,5,21.48,14.7
Sahuaripa,52,26,25.59,6.51
Sahuayo,76,16,27.74,14.65
Sain Alto,40,32,23.36,6.05
Salamanca,27,11,30.01,12.06
Salina Cruz,79,20,34.45,24.9
Salinas,25,24,26.59,9.52
Salinas Victoria,45,19,20.96,17.39
Saltabarranca,139,30,29.62,22.09
Saltillo,30,5,24.37,9.56
Salto de Agua,77,7,30.02,19.75
Salvador Alvarado,15,25,31.81,17.22
Salvador Escalante,79,16,21.31,12.34
Salvatierra,28,11,27.03,11.5
Samahil,63,31,34.2,19.5
San Agustín Amatengo,80,20,28.34,13.14
San Agustín Atenango,81,20,27.83,15.8
San Agustín Chayuco,82,20,31.97,19.58
San Agustín Etla,84,20,26.65,10.95
San Agustín Loxicha,85,20,29.89,17.38
San Agustín Metzquititlán,36,13,21.0,12.34
San Agustín Tlacotepec,86,20,25.12,11.6
San Agustín Tlaxiaca,52,13,22.96,9.37
San Agustín Yatareni,87,20,26.58,11.52
San Agustín de las Juntas,83,20,27.52,12.61
San Andrés Cabecera Nueva,88,20,28.54,16.39
San Andrés Cholula,119,21,21.2,12.23
San Andrés Dinicuiti,89,20,27.89,13.24
San Andrés Duraznal,118,7,26.64,13.43
San Andrés Huaxpaltepec,90,20,33.48,20.8
San Andrés Huayápam,91,20,26.58,11.52
San Andrés Ixtlahuaca,92,20,26.82,11.88
San Andrés Lagunas,93,20,26.39,10.75
San Andrés Nuxiño,94,20,26.74,12.1
San Andrés Paxtlán,95,20,26.24,11.95
San Andrés Sinaxtla,96,20,25.54,11.61
San Andrés Solaga,97,20,25.02,11.36
San Andrés Tenejapan,140,30,25.62,15.08
San Andrés Teotilálpam,98,20,27.7,16.42
San Andrés Tepetlapa,99,20,29.32,16.73
San Andrés Tuxtla,141,30,28.12,21.64
San Andrés Yaá,100,20,24.89,12.5
San Andrés Zabache,101,20,28.31,13.08
San Andrés Zautla,102,20,26.81,11.58
San Antonino Castillo Velasco,103,20,28.46,13.24
San Antonino Monte Verde,105,20,27.23,11.86
San Antonino el Alto,104,20,26.52,11.33
San Antonio,26,24,28.62,20.34
San Antonio Acutla,106,20,27.3,11.3
San Antonio Cañada,120,21,26.64,13.03
San Antonio Huitepec,108,20,26.33,11.69
San Antonio Nanahuatípam,109,20,28.73,13.71
San Antonio Sinicahua,110,20,24.91,12.13
San Antonio Tepetlapa,111,20,31.77,20.58
San Antonio de la Cal,107,20,27.27,12.35
San Antonio la Isla,73,15,18.38,9.02
San Baltazar Chichicápam,112,20,28.59,13.15
San Baltazar Loxicha,113,20,30.27,17.29
San Baltazar Yatzachi el Bajo,114,20,25.23,11.41
San Bartolo Coyotepec,115,20,27.76,12.79
San Bartolo Soyaltepec,121,20,25.49,11.17
San Bartolo Tutotepec,53,13,24.02,15.69
San Bartolo Yautepec,122,20,29.84,15.11
San Bartolomé Ayautla,116,20,27.33,16.42
San Bartolomé Loxicha,117,20,30.41,19.01
San Bartolomé Quialana,118,20,27.71,12.36
San Bartolomé Yucuañe,119,20,25.5,11.68
San Bartolomé Zoogocho,120,20,25.2,10.5
San Bernardo,25,10,22.31,3.67
San Bernardo Mixtepec,123,20,27.34,12.12
San Blas,12,18,28.12,20.17
San Blas Atempa,124,20,34.94,24.3
San Buenaventura,31,5,19.95,11.43
San Carlos,34,28,25.2,19.57
San Carlos Yautepec,125,20,29.37,15.48
San Ciro de Acosta,27,24,26.9,16.21
San Cristóbal Amatlán,126,20,25.12,10.01
San Cristóbal Amoltepec,127,20,25.0,10.64
San Cristóbal Lachirioag,128,20,25.29,12.98
San Cristóbal Suchixtlahuaca,129,20,25.91,10.88
San Cristóbal de la Barranca,71,14,29.4,11.62
San Cristóbal de las Casas,78,7,25.26,14.02
San Damián Texóloc,49,29,22.87,10.67
San Diego de Alejandría,72,14,28.31,10.98
San Diego de la Unión,29,11,26.05,10.59
San Diego la Mesa Tochimiltzingo,121,21,25.8,16.11
San Dimas,26,10,20.85,4.79
San Dionisio Ocotepec,131,20,29.31,13.51
San Dionisio Ocotlán,132,20,28.63,13.23
San Dionisio del Mar,130,20,34.43,26.11
San Esteban Atatlahuca,133,20,24.57,13.27
San Felipe,65,31,28.619999999999997,16.145
San Felipe Jalapa de Díaz,134,20,28.74,19.42
San Felipe Orizatlán,46,13,28.0,20.24
San Felipe Tejalápam,135,20,26.88,11.86
San Felipe Teotlalcingo,122,21,15.7,5.8
San Felipe Tepatlán,123,21,23.1,14.18
San Felipe Usila,136,20,27.52,15.57
San Felipe de Jesús,53,26,26.56,10.96
San Felipe del Progreso,74,15,19.38,7.16
San Fernando,79,7,25.415,19.285
San Francisco Cahuacuá,137,20,26.32,14.0
San Francisco Cajonos,138,20,25.5,10.92
San Francisco Chapulapa,139,20,27.13,13.91
San Francisco Chindúa,140,20,26.02,12.07
San Francisco Huehuetlán,142,20,27.88,14.32
San Francisco Ixhuatán,143,20,34.83,25.56
San Francisco Jaltepetongo,144,20,26.36,12.47
San Francisco Lachigoló,145,20,27.13,12.15
San Francisco Logueche,146,20,25.71,10.4
San Francisco Nuxaño,147,20,25.96,11.95
San Francisco Ozolotepec,148,20,27.25,14.81
San Francisco Sola,149,20,28.19,13.2
San Francisco Telixtlahuaca,150,20,26.73,11.91
San Francisco Teopan,151,20,27.46,11.9
San Francisco Tetlanohcan,50,29,19.91,9.39
San Francisco Tlapancingo,152,20,27.64,15.56
San Francisco de Borja,57,8,19.45,7.32
San Francisco de Conchos,58,8,23.22,11.97
San Francisco de los Romo,11,1,26.97,8.47
San Francisco del Mar,141,20,33.69,26.34
San Francisco del Oro,59,8,19.31,7.46
San Francisco del Rincón,31,11,29.8,10.75
San Gabriel,113,14,20.24,9.78
San Gabriel Chilac,124,21,29.34,13.96
San Gabriel Mixtepec,153,20,30.65,18.54
San Gregorio Atzompa,125,21,19.87,11.35
San Ignacio,16,25,27.87,13.77
San Ignacio Cerro Gordo,125,14,26.33,11.34
San Ignacio Río Muerto,72,26,29.12,17.55
San Ildefonso Amatlán,154,20,25.34,10.38
San Ildefonso Sola,155,20,28.05,12.79
San Ildefonso Villa Alta,156,20,25.72,13.8
San Jacinto Amilpas,157,20,27.15,12.13
San Jacinto Tlacotepec,158,20,29.02,16.3
San Javier,54,26,29.7,9.99
San Jerónimo Coatlán,159,20,28.86,15.47
San Jerónimo Silacayoapilla,160,20,29.28,16.52
San Jerónimo Sosola,161,20,26.65,12.64
San Jerónimo Taviche,162,20,28.82,13.22
San Jerónimo Tecuanipan,126,21,18.14,10.11
San Jerónimo Tecóatl,163,20,28.3,14.33
San Jerónimo Tlacochahuaya,550,20,26.65,11.66
San Jerónimo Xayacatlán,127,21,30.84,16.03
San Jerónimo Zacualpan,51,29,23.4,11.3
San Joaquín,15,22,26.67,15.69
San Jorge Nuchita,164,20,29.24,17.11
San José Ayuquila,165,20,30.37,17.55
San José Chiapa,128,21,22.99,9.77
San José Chiltepec,166,20,31.21,21.0
San José Estancia Grande,168,20,32.49,22.75
San José Independencia,169,20,28.64,20.07
San José Iturbide,32,11,22.16,9.93
San José Lachiguiri,170,20,26.05,10.89
San José Miahuatlán,129,21,29.8,14.09
San José Teacalco,52,29,20.79,9.09
San José Tenango,171,20,28.02,18.36
San José de Gracia,8,1,23.52,6.71
San José del Peñasco,167,20,25.81,10.4
San José del Progreso,72,20,28.85,13.26
San José del Rincón,124,15,17.27,6.3
San Juan Achiutla,172,20,25.46,10.9
San Juan Atenco,130,21,22.49,10.43
San Juan Atepec,173,20,25.26,10.18
San Juan Atzompa,131,21,26.38,15.81
San Juan Bautista Atatlahuca,175,20,26.83,11.16
San Juan Bautista Coixtlahuaca,176,20,25.4,11.05
San Juan Bautista Cuicatlán,177,20,28.05,13.69
San Juan Bautista Guelache,178,20,26.7,10.6
San Juan Bautista Jayacatlán,179,20,26.64,10.87
San Juan Bautista Lo de Soto,180,20,33.61,21.86
San Juan Bautista Suchitepec,181,20,28.05,12.81
San Juan Bautista Tlachichilco,183,20,28.63,16.21
San Juan Bautista Tlacoatzintepec,182,20,27.34,15.24
San Juan Bautista Tuxtepec,184,20,31.33,21.91
San Juan Bautista Valle Nacional,559,20,29.54,17.3
San Juan Cacahuatepec,185,20,32.45,20.45
San Juan Cancuc,112,7,26.04,13.04
San Juan Chicomezúchil,191,20,25.42,8.76
San Juan Chilateca,192,20,28.23,12.92
San Juan Cieneguilla,186,20,30.77,18.11
San Juan Coatzóspam,187,20,27.03,15.83
San Juan Colorado,188,20,31.61,20.04
San Juan Comaltepec,189,20,26.86,15.68
San Juan Cotzocón,190,20,30.73,19.87
San Juan Diuxi,195,20,25.85,11.77
San Juan Evangelista,142,30,31.35,22.03
San Juan Evangelista Analco,196,20,25.31,9.1
San Juan Guelavía,197,20,27.26,12.19
San Juan Guichicovi,198,20,30.75,21.34
San Juan Huactzinco,53,29,23.4,11.3
San Juan Ihualtepec,199,20,30.41,17.3
San Juan Juquila Mixes,200,20,29.22,14.63
San Juan Juquila Vijanos,201,20,25.41,10.61
San Juan Lachao,202,20,28.88,16.29
San Juan Lachigalla,203,20,29.36,13.39
San Juan Lajarcia,204,20,30.43,15.28
San Juan Lalana,205,20,29.91,19.67
San Juan Mazatlán,207,20,30.42,19.74
San Juan Mixtepec,208,20,25.259999999999998,11.455
San Juan Ozolotepec,211,20,27.14,14.74
San Juan Petlapa,212,20,26.88,16.29
San Juan Quiahije,213,20,28.15,16.32
San Juan Quiotepec,214,20,26.5,11.87
San Juan Sayultepec,215,20,25.78,11.79
San Juan Tabaá,216,20,24.94,11.64
San Juan Tamazola,217,20,26.54,12.27
San Juan Teita,218,20,25.82,12.88
San Juan Teitipac,219,20,27.73,12.6
San Juan Tepeuxila,220,20,27.67,12.25
San Juan Teposcolula,221,20,25.89,10.82
San Juan Yaeé,222,20,26.02,12.95
San Juan Yatzona,223,20,25.68,13.12
San Juan Yucuita,224,20,25.51,11.64
San Juan de Guadalupe,27,10,27.21,7.41
San Juan de Sabinas,32,5,22.63,14.73
San Juan de los Cués,206,20,29.74,14.06
San Juan de los Lagos,73,14,28.44,10.61
San Juan del Estado,193,20,26.66,10.53
San Juan del Río,194,20,25.963333333333335,10.953333333333333
San Juan Ñumí,210,20,26.58,12.13
San Juanito de Escobedo,7,14,29.81,12.11
San Julián,74,14,27.53,11.01
San Lorenzo,225,20,32.58,20.16
San Lorenzo Albarradas,226,20,28.35,12.64
San Lorenzo Axocomanitla,54,29,23.4,11.3
San Lorenzo Cacaotepec,227,20,27.05,11.91
San Lorenzo Cuaunecuiltitla,228,20,27.7,14.95
San Lorenzo Texmelúcan,229,20,28.54,14.71
San Lorenzo Victoria,230,20,28.55,16.67
San Lucas,110,7,29.395,19.1
San Lucas Camotlán,231,20,29.79,16.65
San Lucas Ojitlán,232,20,30.54,20.43
San Lucas Quiaviní,233,20,28.07,12.59
San Lucas Tecopilco,55,29,23.4,9.6
San Lucas Zoquiápam,234,20,28.36,14.35
San Luis Acatlán,52,12,30.73,19.88
San Luis Amatlán,235,20,28.0,12.33
San Luis Potosí,28,24,28.92,11.45
San Luis Río Colorado,55,26,29.7,17.79
San Luis de la Paz,33,11,23.72,12.8
San Luis del Cordero,29,10,23.83,10.81
San Marcial Ozolotepec,236,20,27.75,15.4
San Marcos,53,12,30.929999999999996,17.465
San Marcos Arteaga,237,20,28.99,16.45
San Martín Chalchicuautla,29,24,28.75,20.64
San Martín Hidalgo,77,14,28.28,12.2
San Martín Huamelúlpam,239,20,25.77,11.14
San Martín Itunyoso,240,20,26.04,13.56
San Martín Lachilá,241,20,28.31,13.08
San Martín Peras,242,20,26.27,14.93
San Martín Texmelucan,132,21,18.27,7.69
San Martín Tilcajete,243,20,28.1,13.02
San Martín Totoltepec,133,21,27.6,17.64
San Martín Toxpalan,244,20,29.29,13.93
San Martín Zacatepec,245,20,30.06,17.45
San Martín de Bolaños,76,14,28.18,11.25
San Martín de las Pirámides,75,15,23.8,11.79
San Martín de los Cansecos,238,20,28.69,13.29
San Mateo Atenco,76,15,17.61,6.0
San Mateo Cajonos,246,20,25.69,11.36
San Mateo Etlatongo,250,20,26.15,12.28
San Mateo Nejápam,251,20,29.3,16.71
San Mateo Peñasco,252,20,25.41,12.12
San Mateo Piñas,253,20,28.51,16.91
San Mateo Río Hondo,254,20,27.06,13.39
San Mateo Sindihui,255,20,26.16,13.32
San Mateo Tlapiltepec,256,20,26.63,11.06
San Mateo Yoloxochitlán,249,20,27.47,15.19
San Mateo Yucutindoo,566,20,26.9,14.76
San Mateo del Mar,248,20,33.33,26.29
San Matías Tlalancaleca,134,21,17.82,6.96
San Melchor Betaza,257,20,24.98,11.97
San Miguel Achiutla,258,20,25.31,10.95
San Miguel Ahuehuetitlán,259,20,29.55,16.9
San Miguel Aloápam,260,20,26.14,10.13
San Miguel Amatitlán,261,20,30.26,18.02
San Miguel Amatlán,262,20,25.95,10.33
San Miguel Chicahua,264,20,25.87,11.96
San Miguel Chimalapa,265,20,32.1,21.65
San Miguel Coatlán,263,20,27.87,13.8
San Miguel Ejutla,268,20,28.7,13.2
San Miguel Huautla,270,20,26.94,12.79
San Miguel Ixitlán,135,21,29.21,14.43
San Miguel Mixtepec,271,20,27.32,11.91
San Miguel Panixtlahuaca,272,20,29.36,17.96
San Miguel Peras,273,20,26.58,11.11
San Miguel Piedras,274,20,26.47,12.6
San Miguel Quetzaltepec,275,20,29.1,15.74
San Miguel Santa Flor,276,20,27.53,13.17
San Miguel Soyaltepec,278,20,30.44,22.11
San Miguel Suchixtepec,279,20,27.06,13.91
San Miguel Tecomatlán,281,20,26.15,12.28
San Miguel Tenango,282,20,33.03,20.18
San Miguel Tequixtepec,283,20,25.89,11.15
San Miguel Tilquiápam,284,20,28.49,13.15
San Miguel Tlacamama,285,20,32.74,21.34
San Miguel Tlacotepec,286,20,26.89,15.04
San Miguel Totolapan,54,12,25.58,17.8
San Miguel Tulancingo,287,20,26.42,10.97
San Miguel Xoxtla,136,21,21.1,10.96
San Miguel Yotao,288,20,25.46,10.67
San Miguel de Allende,3,11,25.5,10.6
San Miguel de Horcasitas,56,26,29.94,14.55
San Miguel del Puerto,266,20,30.11,19.65
San Miguel del Río,267,20,25.56,8.62
San Miguel el Alto,78,14,26.8,11.12
San Miguel el Grande,269,20,24.82,12.96
San Nicolás,289,20,25.505,16.055
San Nicolás Buenos Aires,137,21,22.39,9.95
San Nicolás Hidalgo,290,20,30.23,17.46
San Nicolás Tolentino,30,24,28.01,15.67
San Nicolás de los Garza,46,19,23.28,19.12
San Nicolás de los Ranchos,138,21,11.84,5.09
San Pablo Anicano,139,21,31.38,18.26
San Pablo Coatlán,291,20,29.03,14.92
San Pablo Cuatro Venados,292,20,27.03,12.11
San Pablo Etla,293,20,26.89,11.69
San Pablo Huitzo,294,20,26.75,11.14
San Pablo Huixtepec,295,20,28.22,13.11
San Pablo Macuiltianguis,296,20,25.32,10.57
San Pablo Tijaltepec,297,20,25.54,13.31
San Pablo Villa de Mitla,298,20,27.35,11.77
San Pablo Yaganiza,299,20,25.87,10.99
San Pablo del Monte,25,29,21.85,11.67
San Pedro,33,5,25.83,10.39
San Pedro Amuzgos,300,20,31.86,19.79
San Pedro Apóstol,301,20,28.7,13.4
San Pedro Atoyac,302,20,31.21,20.16
San Pedro Cajonos,303,20,25.87,10.99
San Pedro Cholula,140,21,19.11,10.34
San Pedro Comitancillo,305,20,35.42,23.22
San Pedro Coxcaltepec Cántaros,304,20,26.15,12.67
San Pedro Garza García,19,19,22.44,15.18
San Pedro Huamelula,307,20,31.32,22.55
San Pedro Huilotepec,308,20,34.53,25.07
San Pedro Ixcatlán,309,20,28.97,20.6
San Pedro Ixtlahuaca,310,20,27.26,12.51
San Pedro Jaltepetongo,311,20,27.91,14.1
San Pedro Jicayán,312,20,32.28,20.79
San Pedro Jocotipac,313,20,27.63,13.86
San Pedro Juchatengo,314,20,27.84,14.49
San Pedro Lagunillas,13,18,28.23,14.94
San Pedro Mixtepec Dto. 22,318,20,30.59,20.68
San Pedro Mixtepec Dto. 26,319,20,25.34,11.36
San Pedro Molinos,320,20,25.02,12.54
San Pedro Mártir,315,20,28.65,13.3
San Pedro Mártir Quiechapa,316,20,26.95,12.04
San Pedro Mártir Yucuxaco,317,20,26.22,11.27
San Pedro Nopala,321,20,27.56,11.97
San Pedro Ocopetatillo,322,20,27.7,14.95
San Pedro Ocotepec,323,20,28.74,14.84
San Pedro Pochutla,324,20,33.09,21.41
San Pedro Quiatoni,325,20,30.0,14.27
San Pedro Sochiápam,326,20,27.28,13.68
San Pedro Tapanatepec,327,20,33.39,25.85
San Pedro Taviche,328,20,29.07,13.31
San Pedro Teozacoalco,329,20,26.53,12.92
San Pedro Teutila,330,20,27.42,15.95
San Pedro Tidaá,331,20,25.76,11.55
San Pedro Tlaquepaque,98,14,28.31,12.4
San Pedro Topiltepec,332,20,25.77,11.48
San Pedro Totolápam,333,20,29.47,13.87
San Pedro Yaneri,335,20,25.49,10.92
San Pedro Yeloixtlahuaca,141,21,31.09,18.26
San Pedro Yucunama,341,20,26.06,10.56
San Pedro Yólox,336,20,25.92,12.07
San Pedro de la Cueva,57,26,27.85,9.23
San Pedro del Gallo,30,10,24.28,6.74
San Pedro el Alto,306,20,27.81,14.68
San Pedro y San Pablo Ayutla,337,20,26.62,11.89
San Pedro y San Pablo Teposcolula,339,20,25.97,10.62
San Pedro y San Pablo Tequixtepec,340,20,28.97,13.77
San Rafael,211,30,27.19,19.79
San Raymundo Jalpan,342,20,27.92,13.03
San Salvador,54,13,23.85,9.93
San Salvador Huixcolotla,144,21,24.24,12.2
San Salvador el Seco,142,21,23.12,10.43
San Salvador el Verde,143,21,14.73,5.43
San Sebastián Abasolo,343,20,27.13,12.15
San Sebastián Coatlán,344,20,29.86,16.78
San Sebastián Ixcapa,345,20,32.66,21.12
San Sebastián Nicananduta,346,20,26.51,11.22
San Sebastián Río Hondo,347,20,25.4,11.24
San Sebastián Tecomaxtlahuaca,348,20,26.59,14.82
San Sebastián Teitipac,349,20,27.59,12.56
San Sebastián Tlacotepec,145,21,28.96,17.98
San Sebastián Tutla,350,20,26.94,12.12
San Sebastián del Oeste,80,14,27.6,16.0
San Simón Almolongas,351,20,28.14,12.7
San Simón Zahuatlán,352,20,30.02,17.55
San Simón de Guerrero,77,15,15.42,9.38
San Vicente Coatlán,534,20,27.92,13.03
San Vicente Lachixío,535,20,27.61,12.37
San Vicente Nuñú,536,20,25.66,11.08
San Vicente Tancuayalab,34,24,29.81,21.51
Sanahcat,64,31,34.31,19.71
Sanctórum de Lázaro Cárdenas,20,29,20.57,8.33
Santa Ana,353,20,27.509999999999998,13.445
Santa Ana Ateixtlahuaca,354,20,27.7,14.95
Santa Ana Cuauhtémoc,355,20,27.04,13.7
Santa Ana Maya,78,16,25.7,11.43
Santa Ana Nopalucan,56,29,21.31,9.53
Santa Ana Tavela,357,20,30.67,15.42
Santa Ana Tlapacoyan,358,20,27.74,12.54
Santa Ana Yareni,359,20,25.81,9.61
Santa Ana Zegache,360,20,28.35,13.19
Santa Ana del Valle,356,20,26.93,11.63
Santa Apolonia Teacalco,57,29,22.3,10.64
Santa Bárbara,60,8,19.6,7.77
Santa Catalina Quierí,361,20,24.82,10.15
Santa Catarina,48,19,23.983333333333334,13.843333333333334
Santa Catarina Ayometla,58,29,22.74,11.77
Santa Catarina Cuixtla,362,20,27.13,11.67
Santa Catarina Ixtepeji,363,20,25.95,9.78
Santa Catarina Juquila,364,20,29.4,17.68
Santa Catarina Lachatao,365,20,25.66,9.37
Santa Catarina Loxicha,366,20,29.46,15.71
Santa Catarina Mechoacán,367,20,33.67,20.55
Santa Catarina Minas,368,20,28.43,13.16
Santa Catarina Quiané,369,20,28.13,13.06
Santa Catarina Quioquitani,74,20,24.53,9.54
Santa Catarina Tayata,370,20,25.12,10.61
Santa Catarina Ticuá,371,20,25.02,13.06
Santa Catarina Tlaltempan,146,21,27.72,16.79
Santa Catarina Yosonotú,372,20,25.15,13.95
Santa Catarina Zapoquila,373,20,27.52,12.13
Santa Clara,31,10,25.5,5.7
Santa Cruz,59,26,18.98,9.86
Santa Cruz Acatepec,374,20,27.94,14.76
Santa Cruz Amilpas,375,20,27.27,12.35
Santa Cruz Itundujia,377,20,29.02,17.09
Santa Cruz Mixtepec,378,20,27.28,11.96
Santa Cruz Nundaco,379,20,24.72,12.89
Santa Cruz Papalutla,380,20,27.43,12.32
Santa Cruz Quilehtla,59,29,22.74,11.77
Santa Cruz Tacache de Mina,381,20,30.23,17.46
Santa Cruz Tacahua,382,20,26.13,14.31
Santa Cruz Tayata,383,20,25.23,10.58
Santa Cruz Tlaxcala,26,29,22.81,10.25
Santa Cruz Xitla,384,20,27.69,12.12
Santa Cruz Xoxocotlán,385,20,27.7,13.0
Santa Cruz Zenzontepec,386,20,29.86,17.63
Santa Cruz de Bravo,376,20,28.1,15.98
Santa Cruz de Juventino Rosas,35,11,29.08,11.81
Santa Elena,66,31,33.12,18.41
Santa Gertrudis,387,20,28.39,13.11
Santa Inés Ahuatempan,147,21,29.85,16.93
Santa Inés Yatzeche,389,20,28.58,13.32
Santa Inés de Zaragoza,569,20,26.81,12.54
Santa Inés del Monte,388,20,27.45,12.5
Santa Isabel,24,8,20.36,7.45
Santa Isabel Cholula,148,21,18.14,10.11
Santa Isabel Xiloxoxtla,60,29,23.08,11.44
Santa Lucía Miahuatlán,391,20,27.21,12.96
Santa Lucía Monteverde,392,20,26.05,14.73
Santa Lucía Ocotlán,393,20,28.65,13.3
Santa Lucía del Camino,390,20,27.27,12.35
Santa Magdalena Jicotlán,47,20,27.01,11.23
Santa Marí Jacatepec,417,20,31.1,20.22
Santa Marí Jaltianguis,419,20,25.31,9.13
Santa Marí Mixtequilla,421,20,35.92,22.62
Santa Marí Nativitas,422,20,25.38,10.93
Santa Marí Nduayaco,423,20,25.57,10.62
Santa Marí Ozolotepec,424,20,26.45,13.71
Santa Marí Petapa,427,20,31.45,21.42
Santa Marí Pápalo,425,20,27.97,12.55
Santa Marí Quiegolani,428,20,27.25,13.3
Santa Marí Sola,429,20,28.3,13.17
Santa Marí Tataltepec,430,20,25.94,12.45
Santa Marí Temaxcalapa,432,20,25.77,13.86
Santa Marí Temaxcaltepec,433,20,29.63,17.43
Santa Marí Teopoxco,434,20,28.3,14.33
Santa Marí Texcatitlán,436,20,27.8,14.14
Santa Marí Tlahuitoltepec,437,20,25.68,12.36
Santa Marí Tlalixtac,438,20,27.38,13.48
Santa Marí Totolapilla,440,20,32.81,18.54
Santa Marí Xadani,441,20,34.04,25.38
Santa Marí Yalina,442,20,25.2,10.5
Santa Marí Yavesía,443,20,25.73,9.93
Santa Marí Yolotepec,444,20,26.19,14.73
Santa Marí Yosoyúa,445,20,25.28,12.51
Santa Marí Yucuhiti,446,20,25.55,14.32
Santa Marí Zaniza,448,20,28.2,15.41
Santa Marí Zoquitlán,449,20,28.53,13.19
Santa María Alotepec,394,20,28.38,15.29
Santa María Apazco,395,20,26.9,13.41
Santa María Atzompa,399,20,27.24,12.27
Santa María Camotlán,400,20,28.11,13.16
Santa María Chachoápam,404,20,25.34,11.34
Santa María Chilchotla,406,20,28.44,18.74
Santa María Chimalapa,407,20,29.71,21.16
Santa María Colotepec,401,20,31.31,22.27
Santa María Cortijo,402,20,32.77,22.61
Santa María Coyotepec,403,20,27.76,12.79
Santa María Ecatepec,410,20,30.29,17.11
Santa María Guelacé,411,20,27.13,12.15
Santa María Guienagati,412,20,32.28,20.02
Santa María Huatulco,413,20,31.9,21.62
Santa María Huazolotitlán,414,20,33.45,22.42
Santa María Ipalapa,415,20,31.11,19.72
Santa María Ixcatlán,416,20,27.33,12.87
Santa María Jalapa del Marqués,418,20,34.55,20.41
Santa María Lachixío,420,20,26.78,11.17
Santa María Peñoles,426,20,26.44,11.12
Santa María Tecomavaca,431,20,28.85,13.82
Santa María Tepantlali,435,20,27.01,12.69
Santa María Tonameca,439,20,32.85,22.87
Santa María Zacatepec,447,20,31.23,18.51
Santa María de la Paz,58,32,26.13,10.3
Santa María de los Ángeles,81,14,24.19,6.68
Santa María del Oro,56,14,29.83,16.15
Santa María del Rosario,408,20,25.39,10.93
Santa María del Río,32,24,27.96,14.22
Santa María del Tule,409,20,26.94,12.12
Santa María la Asunción,396,20,26.98,15.02
Santiago,49,19,20.78,12.05
Santiago Amoltepec,450,20,29.38,17.24
Santiago Apoala,451,20,26.41,12.6
Santiago Apóstol,452,20,28.52,13.28
Santiago Astata,453,20,31.5,23.73
Santiago Atitlán,454,20,27.12,14.18
Santiago Ayuquililla,455,20,30.39,17.84
Santiago Cacaloxtepec,456,20,28.8,15.3
Santiago Camotlán,457,20,27.1,15.71
Santiago Chazumba,459,20,29.81,13.93
Santiago Choápam,460,20,28.02,17.29
Santiago Comaltepec,458,20,27.16,14.01
Santiago Huajolotitlán,462,20,28.14,13.62
Santiago Huauclilla,463,20,26.43,12.86
Santiago Ihuitlán Plumas,464,20,26.72,11.46
Santiago Ixcuintepec,465,20,30.31,17.8
Santiago Ixcuintla,15,18,29.26,18.91
Santiago Ixtayutla,466,20,30.79,18.62
Santiago Jamiltepec,467,20,33.03,22.01
Santiago Jocotepec,468,20,29.62,19.43
Santiago Juxtlahuaca,469,20,27.44,15.16
Santiago Lachiguiri,470,20,31.56,18.6
Santiago Lalopa,471,20,25.73,12.48
Santiago Laollaga,472,20,34.12,21.71
Santiago Laxopa,473,20,25.74,10.44
Santiago Llano Grande,474,20,33.52,21.83
Santiago Maravatío,36,11,27.01,11.71
Santiago Matatlán,475,20,28.38,12.85
Santiago Miahuatlán,149,21,26.53,13.26
Santiago Miltepec,476,20,28.8,13.9
Santiago Minas,477,20,28.03,15.52
Santiago Nacaltepec,478,20,26.75,12.01
Santiago Nejapilla,479,20,25.77,11.18
Santiago Niltepec,66,20,35.71,24.36
Santiago Nundiche,480,20,25.55,11.72
Santiago Nuyoó,481,20,24.67,13.59
Santiago Papasquiaro,32,10,22.99,4.44
Santiago Pinotepa Nacional,482,20,32.99,22.59
Santiago Sochiapan,212,30,30.76,21.1
Santiago Suchilquitongo,483,20,26.75,11.55
Santiago Tamazola,484,20,29.88,17.21
Santiago Tapextla,485,20,32.18,24.04
Santiago Tenango,487,20,26.9,12.34
Santiago Tepetlapa,488,20,26.15,10.89
Santiago Tetepec,489,20,32.39,19.74
Santiago Texcalcingo,490,20,28.05,13.7
Santiago Textitlán,491,20,26.75,13.85
Santiago Tilantongo,492,20,26.22,12.49
Santiago Tillo,493,20,25.78,11.79
Santiago Tlazoyaltepec,494,20,26.57,11.27
Santiago Tulantepec de Lugo Guerrero,56,13,23.85,9.21
Santiago Tuxtla,143,30,29.59,21.52
Santiago Xanica,495,20,28.14,16.8
Santiago Xiacuí,496,20,25.48,9.68
Santiago Yaitepec,497,20,28.87,16.97
Santiago Yaveo,498,20,31.08,20.86
Santiago Yolomécatl,499,20,26.04,10.71
Santiago Yosondúa,500,20,26.69,15.38
Santiago Yucuyachi,501,20,28.62,16.41
Santiago Zacatepec,502,20,27.74,15.45
Santiago Zoochila,503,20,25.5,10.92
Santiago de Anaya,55,13,23.26,11.36
Santiago del Río,461,20,26.85,15.32
Santiago el Pinar,119,7,24.82,11.91
Santo Domingo,33,24,26.37,9.25
Santo Domingo Albarradas,506,20,26.22,11.37
Santo Domingo Armenta,507,20,32.13,23.69
Santo Domingo Chihuitán,508,20,34.3,22.51
Santo Domingo Ingenio,505,20,35.03,23.84
Santo Domingo Ixcatlán,510,20,26.33,15.02
Santo Domingo Nuxaá,511,20,26.51,11.76
Santo Domingo Ozolotepec,512,20,25.37,11.87
Santo Domingo Petapa,513,20,31.41,20.58
Santo Domingo Roayaga,514,20,25.49,13.89
Santo Domingo Tehuantepec,515,20,34.18,22.78
Santo Domingo Teojomulco,516,20,28.49,15.07
Santo Domingo Tepuxtepec,517,20,27.95,13.0
Santo Domingo Tlatayápam,518,20,25.82,11.72
Santo Domingo Tomaltepec,519,20,26.7,11.79
Santo Domingo Tonaltepec,521,20,25.58,11.0
Santo Domingo Tonalá,520,20,28.77,16.83
Santo Domingo Xagacía,522,20,26.02,11.03
Santo Domingo Yanhuitlán,523,20,25.57,11.25
Santo Domingo Yodohino,524,20,27.65,12.75
Santo Domingo Zanatepec,525,20,33.48,23.79
Santo Domingo de Morelos,509,20,32.52,21.14
Santo Tomás,78,15,19.63,11.37
Santo Tomás Hueyotlipan,151,21,24.39,13.21
Santo Tomás Jalieza,530,20,28.07,12.86
Santo Tomás Mazaltepec,531,20,26.74,11.59
Santo Tomás Ocotepec,532,20,24.89,13.56
Santo Tomás Tamazulapan,533,20,26.7,11.88
Santos Reyes Nopala,526,20,30.37,18.68
Santos Reyes Pápalo,527,20,28.36,13.31
Santos Reyes Tepejillo,528,20,26.73,14.4
Santos Reyes Yucuná,529,20,29.59,17.14
Satevó,61,8,21.06,9.67
Saucillo,62,8,23.08,11.77
Sayula,82,14,23.0,10.73
Sayula de Alemán,144,30,31.39,22.1
Senguio,80,16,18.02,6.51
Seyé,67,31,34.34,19.73
Sierra Mojada,34,5,23.08,10.16
Silacayoápam,537,20,27.78,16.13
Silao de la Victoria,37,11,29.89,11.69
Siltepec,80,7,25.63,13.71
Simojovel,81,7,27.23,13.9
Sinaloa,17,25,30.57,16.26
Sinanché,68,31,32.33,20.91
Singuilucan,57,13,23.19,8.69
Sitalá,82,7,27.17,14.29
Sitio de Xitlapehua,538,20,27.11,11.35
Sochiapa,146,30,26.71,16.09
Socoltenango,83,7,29.49,18.97
Soconusco,145,30,31.2,22.05
Soledad Atzompa,147,30,25.34,13.73
Soledad Etla,539,20,27.05,11.91
Soledad de Doblado,148,30,31.66,21.51
Soledad de Graciano Sánchez,35,24,29.18,11.46
Solidaridad,8,23,32.49,19.69
Solosuchiapa,84,7,27.19,16.7
Soltepec,152,21,23.29,10.7
Sombrerete,42,32,21.26,4.32
Soteapan,149,30,28.36,21.5
Soto la Marina,37,28,25.44,21.75
Sotuta,69,31,34.6,19.43
Soyaló,85,7,24.36,14.75
Soyaniquilpan de Juárez,79,15,23.31,9.37
Soyopa,61,26,28.99,9.38
Suaqui Grande,62,26,29.55,11.37
Suchiapa,86,7,27.67,17.74
Suchiate,87,7,31.79,23.32
Sucilá,70,31,34.71,20.68
Sudzal,71,31,34.7,19.87
Sultepec,80,15,19.48,12.78
Suma,72,31,33.55,19.96
Sunuapa,88,7,29.13,21.34
Susticacán,43,32,21.24,4.81
Susupuato,81,16,22.33,13.36
Sáric,60,26,25.54,13.85
Súchil,33,10,19.93,2.77
Tabasco,44,32,26.71,7.4
Tacotalpa,15,27,29.34,19.23
Tacámbaro,82,16,22.13,13.38
Tahdziú,73,31,34.72,19.09
Tahmek,74,31,34.49,19.75
Tala,83,14,29.32,11.94
Talpa de Allende,84,14,26.43,16.15
Tamalín,150,30,26.2,21.26
Tamasopo,36,24,28.6,19.04
Tamazula,34,10,25.95,11.13
Tamazula de Gordiano,85,14,27.49,14.87
Tamazulápam del Espíritu Santo,31,20,26.39,12.54
Tamazunchale,37,24,27.33,18.83
Tamiahua,151,30,26.51,21.53
Tampacán,38,24,28.57,20.07
Tampamolón Corona,39,24,28.8,20.47
Tampico,38,28,27.72,21.93
Tampico Alto,152,30,26.88,21.08
Tamuín,40,24,30.02,21.85
Tancanhuitz,12,24,27.39,19.09
Tancoco,153,30,27.64,20.22
Tancítaro,83,16,28.02,17.33
Tanetze de Zaragoza,541,20,25.73,11.85
Tangamandapio,84,16,27.6,13.35
Tangancícuaro,85,16,26.86,12.08
Tanhuato,86,16,30.91,13.1
Taniche,542,20,28.71,13.21
Tanlajás,41,24,29.07,20.78
Tanquián de Escobedo,42,24,29.29,20.99
Tantima,154,30,26.71,20.88
Tantoyuca,155,30,28.51,20.85
Tapachula,89,7,30.37,20.78
Tapalapa,90,7,26.44,15.87
Tapalpa,86,14,21.6,10.4
Tapilula,91,7,25.7,14.4
Tarandacuao,38,11,23.29,9.09
Taretan,87,16,23.69,14.88
Tarimoro,39,11,26.88,11.04
Tarímbaro,88,16,22.57,11.07
Tasquillo,58,13,25.97,12.58
Tatahuicapan de Juárez,209,30,28.54,22.98
Tataltepec de Valdés,543,20,30.17,18.56
Tatatila,156,30,21.58,11.36
Taxco de Alarcón,55,12,22.69,14.65
Teabo,75,31,34.0,18.74
Teapa,16,27,29.43,20.71
Tecali de Herrera,153,21,24.1,14.01
Tecalitlán,87,14,28.0,17.01
Tecamachalco,154,21,24.87,12.93
Tecate,3,2,23.87,11.35
Techaluta de Montenegro,89,14,25.64,11.26
Tecoanapa,56,12,31.66,20.4
Tecoh,76,31,34.3,19.42
Tecolotlán,88,14,25.82,13.32
Tecolutla,158,30,26.95,20.58
Tecomatlán,155,21,31.49,19.15
Tecomán,9,6,31.62,21.83
Tecozautla,59,13,26.75,13.16
Tecpatán,92,7,29.01,21.89
Tecuala,16,18,29.55,18.84
Tecámac,81,15,26.4,12.42
Tehuacán,156,21,27.46,13.39
Tehuipango,159,30,25.49,13.92
Tehuitzingo,157,21,30.89,18.79
Tejupilco,82,15,21.08,13.5
Tekal de Venegas,77,31,34.81,20.17
Tekantó,78,31,34.46,19.83
Tekax,79,31,33.36,18.41
Tekit,80,31,34.1,19.15
Tekom,81,31,35.94,20.05
Telchac Pueblo,82,31,33.0,19.91
Telchac Puerto,83,31,32.14,20.98
Teloloapan,58,12,23.88,16.31
Temamatla,83,15,16.84,8.22
Temascalapa,84,15,25.02,11.28
Temascalcingo,85,15,20.43,8.31
Temascaltepec,86,15,12.79,7.02
Temax,84,31,34.05,20.37
Temixco,18,17,23.59,13.8
Temoac,33,17,25.27,14.61
Temoaya,87,15,18.9,7.61
Temozón,85,31,35.51,20.75
Tempoal,161,30,28.94,21.04
Temósachic,63,8,19.86,2.64
Tenabo,8,4,33.43,19.24
Tenamaxtlán,90,14,25.52,13.43
Tenampa,162,30,27.38,16.99
Tenampulco,158,21,25.19,17.44
Tenancingo,27,29,21.034999999999997,11.84
Tenango de Doria,60,13,23.58,13.4
Tenango del Aire,89,15,17.64,8.96
Tenango del Valle,90,15,17.18,9.3
Tenejapa,93,7,24.15,11.2
Tenochtitlán,163,30,23.38,14.08
Tenosique,17,27,31.89,22.05
Teocaltiche,91,14,28.69,9.71
Teocelo,164,30,25.57,15.29
Teococuilco de Marcos Pérez,544,20,26.15,9.77
Teocuitatlán de Corona,92,14,27.05,14.15
Teolocholco,28,29,20.98,10.45
Teoloyucan,91,15,25.19,10.91
Teopantlán,159,21,26.55,16.73
Teopisca,94,7,25.61,15.0
Teotihuacán,92,15,24.3,12.35
Teotitlán de Flores Magón,545,20,28.76,13.7
Teotitlán del Valle,546,20,26.27,11.16
Teotlalco,160,21,29.32,17.17
Teotongo,547,20,27.3,11.43
Tepache,63,26,27.1,9.28
Tepakán,86,31,34.11,20.06
Tepalcatepec,89,16,32.98,20.58
Tepalcingo,19,17,28.65,16.71
Tepanco de López,161,21,26.88,13.41
Tepango de Rodríguez,162,21,22.13,12.3
Tepatitlán de Morelos,93,14,26.98,12.02
Tepatlaxco,165,30,28.39,18.16
Tepatlaxco de Hidalgo,163,21,18.95,9.53
Tepeaca,164,21,22.74,11.88
Tepeapulco,61,13,22.76,8.85
Tepechitlán,45,32,25.55,9.54
Tepecoacuilco de Trujano,59,12,29.97,18.07
Tepehuacán de Guerrero,62,13,25.09,17.37
Tepehuanes,35,10,21.73,2.77
Tepeji del Río de Ocampo,63,13,23.67,9.33
Tepelmeme Villa de Morelos,548,20,27.77,12.82
Tepemaxalco,165,21,25.15,14.89
Tepeojuma,166,21,25.67,15.86
Tepetitla de Lardizábal,19,29,19.74,8.5
Tepetitlán,64,13,24.01,10.01
Tepetlaoxtoc,93,15,20.92,10.65
Tepetlixpa,94,15,17.72,9.39
Tepetlán,166,30,24.98,16.08
Tepetongo,46,32,22.72,5.48
Tepetzintla,167,21,25.035,15.54
Tepexco,168,21,26.27,15.56
Tepexi de Rodríguez,169,21,28.46,15.19
Tepeyahualco,170,21,22.01,8.87
Tepeyahualco de Cuauhtémoc,171,21,25.84,13.9
Tepeyanco,29,29,23.4,11.3
Tepezalá,9,1,26.64,8.97
Tepic,17,18,28.94,15.35
Tepotzotlán,95,15,22.65,9.41
Tepoztlán,20,17,25.87,14.41
Tequila,168,30,27.765,13.995
Tequisquiapan,17,22,27.31,12.74
Tequixquiac,96,15,25.33,10.28
Terrenate,30,29,21.66,8.26
Tetecala,21,17,23.84,14.67
Tetela de Ocampo,172,21,21.28,9.58
Tetela del Volcán,22,17,16.5,8.68
Teteles de Avila Castillo,173,21,19.67,10.02
Tetepango,65,13,24.67,9.68
Tetipac,60,12,20.42,13.17
Tetiz,87,31,33.77,19.77
Tetla de la Solidaridad,31,29,21.79,8.74
Tetlatlahuca,32,29,21.92,10.7
Teuchitlán,95,14,29.71,11.84
Texcaltitlán,97,15,14.6,8.95
Texcalyacac,98,15,16.76,5.98
Texcatepec,170,30,23.88,16.18
Texcoco,99,15,21.06,10.94
Texhuacán,171,30,25.41,14.24
Texistepec,172,30,31.19,22.18
Teya,88,31,34.23,19.89
Teziutlán,174,21,20.58,11.46
Tezonapa,173,30,30.76,20.29
Tezontepec de Aldama,67,13,25.12,9.98
Tezoyuca,100,15,25.55,13.57
Teúl de González Ortega,47,32,27.19,11.06
Tianguismanalco,175,21,15.38,8.05
Tianguistenco,101,15,18.27,8.89
Tianguistengo,68,13,22.92,16.13
Ticul,89,31,33.38,18.47
Tierra Blanca,174,30,27.165,17.060000000000002
Tierra Nueva,43,24,26.74,13.95
Tihuatlán,175,30,27.9,19.34
Tijuana,4,2,25.56,14.74
Tila,96,7,29.11,17.58
Tilapa,176,21,27.06,16.46
Timilpan,102,15,20.94,8.19
Timucuy,90,31,34.34,19.59
Tingambato,90,16,21.24,11.09
Tingüindín,91,16,26.28,13.65
Tinum,91,31,35.65,20.13
Tiquicheo de Nicolás Romero,92,16,28.31,17.65
Tixcacalcupul,92,31,35.91,19.95
Tixkokob,93,31,34.72,19.77
Tixmehuac,94,31,34.19,18.77
Tixpéhual,95,31,34.79,19.81
Tixtla de Guerrero,61,12,26.13,15.23
Tizapán el Alto,96,14,26.63,15.26
Tizayuca,69,13,25.59,11.04
Tizimín,96,31,32.51,21.85
Tlachichilco,180,30,25.21,17.93
Tlachichuca,179,21,20.99,9.44
Tlacoachistlahuaca,62,12,30.7,18.62
Tlacoapa,63,12,25.41,15.13
Tlacojalpan,176,30,31.42,22.5
Tlacolula de Matamoros,551,20,28.59,13.06
Tlacolulan,177,30,22.25,12.18
Tlacotalpan,178,30,30.42,22.24
Tlacotepec Plumas,552,20,26.96,11.49
Tlacotepec de Benito Juárez,177,21,26.24,13.27
Tlacotepec de Mejía,179,30,28.93,18.65
Tlacuilotepec,178,21,24.45,16.74
Tlahualilo,36,10,24.96,9.79
Tlahuapan,180,21,16.56,6.24
Tlahuelilpan,70,13,25.02,9.75
Tlahuiltepa,71,13,24.56,15.29
Tlajomulco de Zúñiga,97,14,28.44,12.77
Tlalchapa,64,12,28.97,19.62
Tlalixcoyan,181,30,31.4,22.39
Tlalixtac de Cabrera,553,20,26.45,11.41
Tlalixtaquilla de Maldonado,65,12,28.62,16.25
Tlalmanalco,103,15,12.53,4.47
Tlalnelhuayocan,182,30,22.17,11.82
Tlalnepantla,23,17,23.34,12.82
Tlalnepantla de Baz,104,15,26.62,12.68
Tlalpan,12,9,21.29,9.24
Tlalpujahua,93,16,18.29,6.45
Tlaltenango,181,21,19.34,9.74
Tlaltenango de Sánchez Román,48,32,26.05,8.22
Tlaltetela,24,30,27.34,17.02
Tlaltizapán de Zapata,24,17,28.79,16.98
Tlanalapa,72,13,23.26,9.61
Tlanchinol,73,13,24.67,18.14
Tlanepantla,182,21,24.98,13.9
Tlaola,183,21,23.48,14.12
Tlapa de Comonfort,66,12,27.66,15.64
Tlapacoya,184,21,23.38,14.52
Tlapacoyan,183,30,25.04,16.32
Tlapanalá,185,21,25.25,15.23
Tlapehuala,67,12,30.11,20.47
Tlaquilpa,184,30,25.37,13.82
Tlaquiltenango,25,17,29.07,17.1
Tlatlauquitepec,186,21,20.28,10.4
Tlatlaya,105,15,25.75,17.49
Tlaxcala,33,29,23.96,11.5
Tlaxco,187,21,23.115,12.7
Tlaxcoapan,74,13,25.36,9.78
Tlayacapan,26,17,24.62,13.71
Tlazazalca,94,16,27.51,13.15
Tlilapan,185,30,25.56,15.11
Tláhuac,11,9,23.43,12.35
Tocatlán,35,29,21.55,8.6
Tochimilco,188,21,17.29,9.3
Tochtepec,189,21,25.47,13.39
Tocumbo,95,16,28.4,16.26
Tolcayuca,75,13,24.61,10.14
Tolimán,18,22,23.375,11.75
Toluca,106,15,17.27,7.66
Tomatlán,186,30,27.535,17.725
Tonalá,97,7,29.94,17.96
Tonanitla,125,15,26.82,12.55
Tonatico,107,15,21.95,13.62
Tonaya,102,14,24.01,12.55
Tonayán,187,30,23.01,13.63
Tonila,103,14,24.09,14.6
Topia,37,10,23.49,6.66
Torreón,35,5,25.41,12.68
Totatiche,104,14,25.86,7.91
Totolac,36,29,24.13,11.23
Totolapa,98,7,28.77,18.67
Totolapan,27,17,21.01,11.44
Totoltepec de Guerrero,190,21,30.35,14.64
Totontepec Villa de Morelos,554,20,25.62,13.71
Tototlán,105,14,29.05,12.49
Totutla,188,30,27.14,16.54
Trancoso,57,32,25.58,8.62
Tres Valles,207,30,31.53,22.55
Trincheras,64,26,27.95,14.67
Trinidad García de la Cadena,11,32,28.4,11.76
Trinidad Zaachila,555,20,28.13,13.06
Tubutama,65,26,26.57,14.41
Tula,39,28,25.67,16.66
Tula de Allende,76,13,24.06,9.62
Tulancingo de Bravo,77,13,23.88,10.37
Tulcingo,191,21,31.14,18.69
Tultepec,108,15,25.73,11.68
Tultitlán,109,15,25.97,11.91
Tulum,9,23,32.86,19.69
Tumbalá,100,7,29.13,17.79
Tumbiscatío,96,16,29.87,19.58
Tunkás,97,31,35.0,20.1
Turicato,97,16,29.54,18.33
Tuxcacuesco,106,14,23.48,11.57
Tuxcueca,107,14,26.74,15.02
Tuxpan,189,30,25.085,15.7125
Tuxtilla,190,30,31.43,22.4
Tuxtla Chico,102,7,31.06,20.0
Tuxtla Gutiérrez,101,7,26.7,17.21
Tuzamapan de Galeana,192,21,24.03,16.24
Tuzantla,99,16,25.45,15.66
Tuzantán,103,7,30.05,19.53
Tzicatlacoyan,193,21,25.43,15.12
Tzimol,104,7,29.88,18.77
Tzintzuntzan,100,16,21.58,10.07
Tzitzio,101,16,22.49,13.53
Tzompantepec,38,29,22.15,9.29
Tzucacab,98,31,33.64,18.78
Técpan de Galeana,57,12,30.63,22.62
Uayma,99,31,35.82,20.46
Ucú,100,31,33.97,20.14
Umán,101,31,34.37,19.63
Unión Hidalgo,557,20,35.17,24.7
Unión Juárez,105,7,26.31,15.02
Unión de San Antonio,109,14,28.63,10.79
Unión de Tula,110,14,24.89,13.43
Ures,66,26,29.06,13.1
Uriangato,41,11,26.56,12.0
Urique,65,8,27.41,12.95
Ursulo Galván,191,30,29.39,21.75
Uruachi,66,8,25.01,8.63
Uruapan,102,16,23.94,13.16
Uxpanapa,210,30,30.45,22.65
Valerio Trujano,558,20,28.69,14.55
Valladolid,102,31,35.93,20.54
Valle Hermoso,40,28,25.52,21.12
Valle de Bravo,110,15,15.52,8.23
Valle de Chalco Solidaridad,122,15,21.38,11.38
Valle de Guadalupe,111,14,26.96,11.84
Valle de Juárez,112,14,27.17,14.76
Valle de Santiago,42,11,29.57,12.65
Valle de Zaragoza,67,8,22.17,10.34
Vallecillo,50,19,21.41,18.73
Valparaíso,49,32,21.47,5.27
Vanegas,44,24,27.38,11.23
Vega de Alatorre,192,30,26.71,20.7
Venado,45,24,27.72,12.25
Venustiano Carranza,194,21,27.82,16.7025
Veracruz,193,30,29.58,22.6
Vetagrande,50,32,24.62,7.99
Vicente Guerrero,195,21,24.240000000000002,8.795
Victoria,41,28,25.63,15.510000000000002
Viesca,36,5,27.1,8.66
Villa Aldama,194,30,20.42,9.43
Villa Comaltitlán,71,7,32.43,23.2
Villa Corona,114,14,27.78,11.7
Villa Corzo,107,7,29.49,18.73
Villa Díaz Ordaz,560,20,26.49,11.03
Villa García,52,32,25.74,8.78
Villa González Ortega,53,32,26.24,8.92
Villa Guerrero,115,14,21.744999999999997,8.95
Villa Hidalgo,38,20,26.518,10.268
Villa Juárez,52,24,29.05,18.64
Villa Pesqueira,68,26,27.76,10.98
Villa Purificación,68,14,27.85,17.23
Villa Sola de Vega,277,20,27.66,13.42
Villa Talea de Castro,280,20,25.41,12.08
Villa Tejúpam de la Unión,486,20,26.41,10.86
Villa Unión,37,5,25.19,16.49
Villa Victoria,114,15,19.3,7.0
Villa de Allende,111,15,17.45,7.24
Villa de Arista,56,24,29.6,13.93
Villa de Arriaga,46,24,26.23,8.36
Villa de Chilapa de Díaz,405,20,27.03,11.63
Villa de Cos,51,32,26.78,8.3
Villa de Etla,338,20,26.92,11.44
Villa de Guadalupe,47,24,27.33,13.69
Villa de Ramos,49,24,26.7,9.4
Villa de Reyes,50,24,28.51,10.94
Villa de Tamazulápam del Progreso,540,20,27.13,11.61
Villa de Tezontepec,66,13,24.68,10.39
Villa de Tututepec,334,20,32.27,21.49
Villa de Zaachila,565,20,27.85,12.97
Villa de la Paz,48,24,26.43,11.31
Villa de Álvarez,10,6,27.27,16.66
Villa del Carbón,112,15,20.35,7.36
Villaflores,108,7,31.33,20.56
Villagrán,42,28,28.335,15.319999999999999
Villaldama,51,19,20.05,17.13
Villamar,104,16,28.69,13.98
Villanueva,55,32,22.56,5.52
Vista Hermosa,105,16,30.96,13.15
Xalapa,87,30,23.86,14.19
Xalatlaco,43,15,18.6,6.55
Xalisco,8,18,28.04,16.9
Xaloztoc,39,29,21.59,8.83
Xalpatláhuac,69,12,26.23,15.39
Xaltocan,40,29,23.43,10.18
Xayacatlán de Bravo,196,21,30.97,16.02
Xichú,45,11,23.7,13.65
Xico,92,30,22.88,11.85
Xicohtzinco,42,29,22.73,11.61
Xicotepec,197,21,24.47,16.74
Xicotlán,198,21,31.16,18.09
Xicoténcatl,43,28,28.69,20.47
Xilitla,54,24,26.04,16.57
Xiutetelco,199,21,19.9,8.71
Xocchel,103,31,34.3,19.76
Xochiapulco,200,21,20.16,9.46
Xochiatipan,78,13,26.53,19.57
Xochicoatlán,79,13,22.58,15.71
Xochihuehuetlán,70,12,30.72,17.76
Xochiltepec,201,21,27.6,17.64
Xochimilco,13,9,23.14,11.63
Xochistlahuaca,71,12,31.34,18.77
Xochitepec,28,17,27.16,16.11
Xochitlán Todos Santos,203,21,26.53,13.38
Xochitlán de Vicente Suárez,202,21,21.17,11.4
Xonacatlán,115,15,18.84,8.31
Xoxocotla,195,30,25.34,13.63
Yahualica,80,13,26.0,19.38
Yahualica de González Gallo,118,14,26.95,11.66
Yajalón,109,7,28.05,16.04
Yanga,196,30,29.88,20.21
Yaonáhuac,204,21,20.31,11.25
Yauhquemehcan,43,29,23.31,10.31
Yautepec,29,17,28.01,16.12
Yaxcabá,104,31,35.14,19.4
Yaxe,561,20,28.95,13.38
Yaxkukul,105,31,34.49,19.87
Yecapixtla,30,17,23.89,13.48
Yecuatla,197,30,24.92,16.38
Yehualtepec,205,21,25.55,13.19
Yobaín,106,31,32.08,21.18
Yogana,563,20,28.04,13.11
Yuriria,46,11,27.53,12.49
Yurécuaro,106,16,30.47,13.09
Yutanduchi de Guerrero,564,20,26.71,13.09
Yécora,69,26,23.71,5.91
Zacapala,206,21,28.06,16.79
Zacapoaxtla,207,21,20.24,10.12
Zacapu,107,16,23.64,11.5
Zacatecas,56,32,22.12,5.94
Zacatelco,44,29,22.73,11.61
Zacatepec,31,17,27.98,16.61
Zacatlán,208,21,22.42,10.05
Zacazonapan,116,15,19.6,11.62
Zacoalco de Torres,119,14,27.25,11.67
Zacualpan,198,30,20.835,13.120000000000001
Zacualpan de Amilpas,32,17,22.02,12.46
Zacualtipán de Ángeles,81,13,21.87,14.11
Zamora,108,16,29.76,13.15
Zapopan,120,14,28.71,11.86
Zapotiltic,121,14,26.23,13.88
Zapotitlán,209,21,28.67,13.46
Zapotitlán Lagunas,567,20,30.25,17.2
Zapotitlán Palmas,568,20,29.24,15.64
Zapotitlán Tablas,72,12,22.55,14.68
Zapotitlán de Méndez,210,21,21.9,12.96
Zapotitlán de Vadillo,122,14,24.43,13.82
Zapotlanejo,124,14,28.52,13.01
Zapotlán de Juárez,82,13,24.74,9.95
Zapotlán del Rey,123,14,28.71,14.18
Zapotlán el Grande,23,14,23.23,11.96
Zaragoza,211,21,25.58,14.6625
Zautla,212,21,20.62,8.57
Zempoala,83,13,23.79,9.66
Zentla,200,30,29.64,19.53
Zihuatanejo de Azueta,38,12,31.61,22.44
Zihuateutla,213,21,25.74,18.13
Ziltlaltépec de Trinidad Sánchez Santos,37,29,20.8,9.53
Zimapán,84,13,25.94,14.63
Zimatlán de Álvarez,570,20,27.11,12.33
Zinacantepec,118,15,16.17,7.7
Zinacantán,111,7,26.41,15.99
Zinacatepec,214,21,28.45,13.88
Zinapécuaro,110,16,21.38,9.63
Zináparo,109,16,29.05,13.59
Ziracuaretiro,111,16,22.38,12.73
Zirándaro,73,12,30.33,19.81
Zitlala,74,12,27.19,15.61
Zitácuaro,112,16,17.51,8.5
Zongolica,201,30,27.94,17.51
Zongozotla,215,21,21.68,11.65
Zontecomatlán de López y Fuentes,202,30,25.11,18.39
Zoquiapan,216,21,22.77,14.69
Zoquitlán,217,21,27.11,14.34
Zozocolco de Hidalgo,203,30,24.36,16.55
Zumpahuacán,119,15,19.45,12.06
Zumpango,120,15,25.9,11.2
Álamo Temapache,160,30,28.53,20.46
Álvaro Obregón,10,9,22.025,10.07
Ánimas Trujano,174,20,27.52,12.61
